id,pseknc.0,pseknc.1,pseknc.2,pseknc.3,pseknc.4,pseknc.5,pseknc.6,pseknc.7,pseknc.8,pseknc.9,pseknc.10,pseknc.11,pseknc.12,pseknc.13,pseknc.14,pseknc.15,pseknc.16,pseknc.17,pseknc.18,pseknc.19,pseknc.20,pseknc.21,pseknc.22,pseknc.23,pseknc.24,pseknc.25,pseknc.26,pseknc.27,pseknc.28,pseknc.29,pseknc.30,pseknc.31,pseknc.32,pseknc.33,pseknc.34,pseknc.35,pseknc.36,pseknc.37,pseknc.38,pseknc.39,pseknc.40,pseknc.41,pseknc.42,pseknc.43,pseknc.44,pseknc.45,pseknc.46,pseknc.47,pseknc.48,pseknc.49,pseknc.50,pseknc.51,pseknc.52,pseknc.53,pseknc.54,pseknc.55,pseknc.56,pseknc.57,pseknc.58,pseknc.59,pseknc.60,pseknc.61,pseknc.62,pseknc.63,pseknc.64,pseknc.65,pseknc.66,pseknc.67,pseknc.68,pseknc.69,pseknc.70,pseknc.71,pseknc.72,pseknc.73
ENST00000641515.2|ENSG00000186092.6|OTTHUMG00000001094.4|OTTHUMT00000003223.4|OR4F5-202|OR4F5|2618|UTR5:1-60|CDS:61-1041|UTR3:1042-2618|,0.025,0.008,0.015,0.011,0.011,0.004,0.009,0.002,0.017,0.008,0.016,0.011,0.011,0.005,0.01,0.006,0.01,0.007,0.012,0.008,0.009,0.005,0.008,0.0,0.008,0.009,0.013,0.007,0.001,0.001,0.001,0.001,0.013,0.006,0.017,0.008,0.011,0.007,0.013,0.001,0.014,0.012,0.018,0.009,0.011,0.006,0.013,0.008,0.011,0.005,0.008,0.006,0.005,0.005,0.005,0.0,0.006,0.005,0.006,0.011,0.007,0.004,0.004,0.004,0.0585,0.0445,0.0463,0.0454,0.0464,0.0449,0.0462,0.0456,0.0461,0.0449
ENST00000332831.4|ENSG00000284662.1|OTTHUMG00000002581.3|OTTHUMT00000007334.3|OR4F16-201|OR4F16|995|UTR5:1-19|CDS:20-958|UTR3:959-995|,0.005,0.003,0.007,0.007,0.01,0.006,0.013,0.002,0.007,0.009,0.009,0.013,0.009,0.009,0.009,0.005,0.007,0.011,0.014,0.013,0.011,0.01,0.018,0.001,0.009,0.017,0.015,0.016,0.001,0.001,0.002,0.001,0.007,0.008,0.008,0.003,0.018,0.014,0.018,0.002,0.007,0.019,0.019,0.01,0.009,0.006,0.019,0.019,0.005,0.008,0.008,0.007,0.006,0.009,0.008,0.001,0.004,0.006,0.013,0.013,0.009,0.008,0.007,0.002,0.0539,0.0423,0.0426,0.0404,0.0453,0.0414,0.0425,0.0421,0.0423,0.0423
ENST00000342066.8|ENSG00000187634.13|OTTHUMG00000040719.11|OTTHUMT00000276866.3|SAMD11-202|SAMD11|2557|UTR5:1-90|CDS:91-2136|UTR3:2137-2557|,0.006,0.004,0.003,0.009,0.005,0.01,0.006,0.007,0.001,0.005,0.001,0.006,0.011,0.018,0.003,0.017,0.006,0.012,0.003,0.021,0.018,0.035,0.017,0.014,0.002,0.012,0.008,0.023,0.008,0.011,0.005,0.016,0.001,0.002,0.002,0.001,0.007,0.012,0.007,0.005,0.001,0.007,0.004,0.003,0.007,0.014,0.004,0.015,0.009,0.011,0.004,0.018,0.012,0.027,0.014,0.012,0.001,0.008,0.002,0.008,0.017,0.023,0.007,0.026,0.0463,0.0392,0.0354,0.0389,0.0382,0.0352,0.0378,0.0372,0.0371,0.0374
ENST00000622503.5|ENSG00000187634.13|OTTHUMG00000040719.11|-|SAMD11-215|SAMD11|2049|CDS:1-2049|,0.001,0.004,0.002,0.008,0.004,0.012,0.005,0.008,0.001,0.005,0.001,0.005,0.011,0.018,0.002,0.017,0.005,0.012,0.004,0.02,0.018,0.04,0.019,0.017,0.002,0.013,0.007,0.024,0.008,0.012,0.005,0.017,0.0,0.002,0.002,0.001,0.007,0.014,0.006,0.005,0.001,0.006,0.002,0.003,0.007,0.014,0.005,0.014,0.008,0.011,0.004,0.019,0.012,0.029,0.015,0.014,0.001,0.008,0.002,0.007,0.017,0.025,0.005,0.025,0.0464,0.039,0.0348,0.0388,0.0384,0.0352,0.0377,0.037,0.0367,0.0381
ENST00000618181.5|ENSG00000187634.13|OTTHUMG00000040719.11|-|SAMD11-212|SAMD11|1671|CDS:1-1671|,0.001,0.004,0.001,0.009,0.004,0.012,0.006,0.008,0.001,0.004,0.001,0.006,0.011,0.019,0.002,0.016,0.006,0.011,0.003,0.019,0.018,0.036,0.017,0.018,0.003,0.011,0.007,0.024,0.01,0.012,0.005,0.018,0.0,0.003,0.003,0.001,0.006,0.013,0.005,0.004,0.001,0.006,0.003,0.004,0.006,0.014,0.005,0.015,0.008,0.012,0.004,0.02,0.012,0.028,0.016,0.015,0.001,0.006,0.002,0.007,0.018,0.026,0.005,0.026,0.0469,0.0393,0.0353,0.0388,0.0392,0.0351,0.0379,0.0372,0.0367,0.0384
ENST00000617307.5|ENSG00000187634.13|OTTHUMG00000040719.11|-|SAMD11-211|SAMD11|1986|CDS:1-1986|,0.001,0.004,0.002,0.008,0.004,0.012,0.005,0.007,0.001,0.005,0.001,0.006,0.011,0.018,0.002,0.017,0.005,0.012,0.004,0.02,0.018,0.04,0.02,0.017,0.002,0.013,0.007,0.024,0.008,0.012,0.005,0.017,0.0,0.002,0.002,0.001,0.007,0.014,0.006,0.005,0.001,0.005,0.002,0.003,0.007,0.014,0.005,0.014,0.008,0.011,0.004,0.02,0.012,0.028,0.015,0.014,0.001,0.008,0.002,0.007,0.017,0.025,0.005,0.025,0.0462,0.0391,0.0346,0.0389,0.0382,0.0352,0.0374,0.0371,0.0368,0.0377
ENST00000341065.8|ENSG00000187634.13|OTTHUMG00000040719.11|OTTHUMT00000097860.4|SAMD11-201|SAMD11|2191|CDS:1-1769|UTR3:1770-2191|,0.006,0.004,0.003,0.008,0.005,0.01,0.006,0.008,0.001,0.003,0.002,0.005,0.011,0.019,0.002,0.017,0.006,0.013,0.003,0.021,0.018,0.036,0.017,0.014,0.002,0.013,0.008,0.023,0.007,0.011,0.006,0.015,0.001,0.002,0.002,0.001,0.008,0.011,0.007,0.005,0.001,0.007,0.005,0.004,0.006,0.013,0.005,0.015,0.008,0.01,0.003,0.019,0.012,0.029,0.015,0.011,0.001,0.008,0.003,0.007,0.017,0.023,0.007,0.026,0.0464,0.0389,0.0353,0.0392,0.0379,0.0351,0.0376,0.0371,0.0371,0.0372
ENST00000338591.8|ENSG00000187961.14|OTTHUMG00000040721.8|OTTHUMT00000097875.4|KLHL17-201|KLHL17|2567|UTR5:1-110|CDS:111-2039|UTR3:2040-2567|,0.002,0.005,0.002,0.005,0.007,0.01,0.005,0.011,0.001,0.004,0.002,0.008,0.006,0.015,0.006,0.01,0.005,0.014,0.007,0.014,0.014,0.016,0.018,0.017,0.004,0.011,0.005,0.02,0.009,0.013,0.011,0.012,0.001,0.004,0.004,0.002,0.004,0.014,0.005,0.004,0.003,0.004,0.005,0.004,0.008,0.017,0.008,0.016,0.005,0.011,0.002,0.015,0.015,0.024,0.013,0.013,0.003,0.008,0.004,0.018,0.01,0.02,0.008,0.017,0.0543,0.0401,0.041,0.0397,0.0426,0.0403,0.0413,0.0406,0.0404,0.0406
ENST00000622660.1|ENSG00000187961.14|OTTHUMG00000040721.8|-|KLHL17-205|KLHL17|1950|UTR5:1-454|CDS:455-1132|UTR3:1133-1950|,0.001,0.005,0.002,0.005,0.006,0.013,0.005,0.011,0.001,0.004,0.003,0.008,0.005,0.012,0.006,0.011,0.004,0.013,0.007,0.013,0.015,0.021,0.022,0.014,0.005,0.014,0.005,0.022,0.008,0.01,0.01,0.011,0.002,0.004,0.004,0.003,0.005,0.017,0.007,0.003,0.004,0.004,0.006,0.005,0.009,0.015,0.011,0.018,0.006,0.012,0.002,0.013,0.011,0.02,0.014,0.011,0.003,0.01,0.005,0.018,0.011,0.019,0.009,0.019,0.0527,0.0402,0.0408,0.0386,0.0425,0.0396,0.0401,0.0406,0.0399,0.0399
ENST00000379409.6|ENSG00000187583.11|OTTHUMG00000040756.5|OTTHUMT00000473256.1|PLEKHN1-202|PLEKHN1|2455|UTR5:1-30|CDS:31-2022|UTR3:2023-2455|,0.003,0.004,0.0,0.007,0.008,0.014,0.007,0.006,0.0,0.003,0.002,0.004,0.01,0.015,0.006,0.02,0.005,0.016,0.004,0.024,0.019,0.027,0.02,0.015,0.003,0.018,0.007,0.022,0.006,0.011,0.003,0.013,0.001,0.004,0.001,0.0,0.01,0.015,0.007,0.006,0.001,0.006,0.002,0.004,0.007,0.014,0.01,0.014,0.007,0.011,0.004,0.019,0.012,0.025,0.015,0.007,0.002,0.011,0.003,0.013,0.018,0.018,0.01,0.023,0.0475,0.0382,0.0378,0.0373,0.0387,0.0359,0.0368,0.0387,0.0364,0.037
ENST00000624697.4|ENSG00000187608.10|OTTHUMG00000040777.4|OTTHUMT00000479384.2|ISG15-202|ISG15|787|UTR5:1-251|CDS:252-725|UTR3:726-787|,0.005,0.003,0.008,0.013,0.005,0.011,0.001,0.01,0.002,0.007,0.002,0.005,0.015,0.022,0.003,0.018,0.005,0.01,0.003,0.023,0.009,0.015,0.018,0.01,0.002,0.006,0.005,0.025,0.008,0.007,0.005,0.018,0.005,0.002,0.0,0.001,0.007,0.012,0.005,0.004,0.002,0.006,0.001,0.002,0.012,0.008,0.008,0.017,0.015,0.012,0.005,0.021,0.02,0.015,0.013,0.014,0.003,0.008,0.002,0.014,0.016,0.025,0.011,0.02,0.0493,0.0401,0.0374,0.0385,0.04,0.0368,0.038,0.0391,0.0386,0.0377
ENST00000624652.1|ENSG00000187608.10|OTTHUMG00000040777.4|OTTHUMT00000479385.2|ISG15-201|ISG15|657|UTR5:1-226|CDS:227-657|,0.002,0.003,0.007,0.011,0.006,0.011,0.001,0.012,0.001,0.007,0.002,0.007,0.014,0.022,0.004,0.016,0.006,0.009,0.003,0.025,0.009,0.019,0.019,0.009,0.001,0.006,0.006,0.026,0.009,0.007,0.006,0.016,0.002,0.003,0.0,0.0,0.007,0.013,0.006,0.005,0.001,0.007,0.001,0.001,0.015,0.007,0.008,0.02,0.014,0.014,0.006,0.02,0.021,0.013,0.014,0.012,0.002,0.01,0.002,0.017,0.015,0.023,0.013,0.02,0.0491,0.0399,0.0364,0.0378,0.0397,0.0367,0.0375,0.0392,0.0373,0.038
ENST00000649529.1|ENSG00000187608.10|OTTHUMG00000040777.4|OTTHUMT00000501480.1|ISG15-203|ISG15|637|UTR5:1-77|CDS:78-575|UTR3:576-637|,0.005,0.004,0.005,0.011,0.008,0.011,0.001,0.009,0.002,0.007,0.001,0.005,0.009,0.025,0.003,0.018,0.006,0.011,0.006,0.025,0.015,0.016,0.017,0.008,0.002,0.006,0.005,0.025,0.008,0.007,0.005,0.015,0.004,0.004,0.0,0.0,0.006,0.01,0.005,0.003,0.0,0.005,0.001,0.004,0.012,0.01,0.01,0.016,0.011,0.01,0.004,0.019,0.02,0.019,0.015,0.014,0.004,0.007,0.003,0.015,0.014,0.025,0.01,0.018,0.0508,0.0406,0.038,0.0396,0.0404,0.0381,0.0373,0.0403,0.0402,0.0377
ENST00000453464.3|ENSG00000237330.3|OTTHUMG00000185582.2|OTTHUMT00000470774.2|RNF223-201|RNF223|1900|UTR5:1-300|CDS:301-1050|UTR3:1051-1900|,0.008,0.005,0.002,0.008,0.009,0.013,0.006,0.004,0.002,0.004,0.004,0.003,0.009,0.016,0.003,0.016,0.007,0.016,0.007,0.02,0.021,0.033,0.016,0.015,0.002,0.014,0.006,0.025,0.002,0.011,0.004,0.013,0.002,0.003,0.001,0.001,0.006,0.009,0.009,0.004,0.002,0.004,0.004,0.006,0.007,0.017,0.008,0.016,0.006,0.009,0.003,0.014,0.014,0.031,0.015,0.007,0.002,0.007,0.001,0.014,0.014,0.022,0.01,0.018,0.0491,0.0397,0.0381,0.0383,0.038,0.0379,0.0382,0.0388,0.0372,0.0394
ENST00000379339.5|ENSG00000131591.18|OTTHUMG00000000745.9|OTTHUMT00000001851.2|C1orf159-204|C1orf159|2429|UTR5:1-211|CDS:212-1354|UTR3:1355-2429|,0.005,0.006,0.002,0.007,0.009,0.011,0.003,0.007,0.001,0.006,0.003,0.004,0.008,0.015,0.006,0.014,0.006,0.013,0.007,0.022,0.02,0.032,0.019,0.015,0.002,0.017,0.006,0.024,0.004,0.012,0.006,0.013,0.002,0.003,0.002,0.002,0.006,0.019,0.01,0.004,0.002,0.006,0.005,0.003,0.006,0.013,0.007,0.017,0.007,0.008,0.004,0.012,0.012,0.024,0.017,0.009,0.002,0.011,0.003,0.012,0.013,0.022,0.009,0.021,0.0483,0.0392,0.0382,0.0388,0.039,0.037,0.0386,0.0389,0.037,0.0384
ENST00000379325.7|ENSG00000131591.18|OTTHUMG00000000745.9|OTTHUMT00000335346.1|C1orf159-203|C1orf159|2010|UTR5:1-171|CDS:172-741|UTR3:742-2010|,0.005,0.005,0.001,0.008,0.007,0.011,0.003,0.008,0.001,0.006,0.002,0.004,0.008,0.015,0.007,0.013,0.005,0.012,0.007,0.021,0.02,0.028,0.02,0.015,0.003,0.018,0.005,0.022,0.004,0.013,0.006,0.015,0.002,0.003,0.001,0.002,0.006,0.019,0.008,0.005,0.002,0.005,0.002,0.003,0.006,0.012,0.005,0.016,0.008,0.009,0.003,0.012,0.012,0.025,0.017,0.01,0.002,0.01,0.002,0.011,0.014,0.024,0.007,0.022,0.0484,0.0389,0.0378,0.039,0.0388,0.0373,0.0387,0.0386,0.0369,0.0386
ENST00000467751.5|ENSG00000131591.18|OTTHUMG00000000745.9|OTTHUMT00000002219.2|C1orf159-212|C1orf159|2099|UTR5:1-165|CDS:166-501|UTR3:502-2099|,0.005,0.005,0.001,0.008,0.007,0.011,0.003,0.008,0.001,0.006,0.002,0.004,0.009,0.015,0.007,0.014,0.005,0.012,0.007,0.022,0.02,0.028,0.02,0.015,0.003,0.017,0.005,0.024,0.004,0.013,0.006,0.014,0.001,0.003,0.001,0.002,0.006,0.019,0.008,0.005,0.002,0.005,0.002,0.003,0.007,0.013,0.006,0.016,0.008,0.009,0.003,0.013,0.012,0.025,0.017,0.01,0.002,0.01,0.002,0.011,0.014,0.023,0.008,0.023,0.0482,0.0389,0.0374,0.0389,0.0387,0.0368,0.0386,0.0386,0.0367,0.0384
ENST00000379320.5|ENSG00000131591.18|OTTHUMG00000000745.9|OTTHUMT00000001854.1|C1orf159-202|C1orf159|2324|UTR5:1-631|CDS:632-1666|UTR3:1667-2324|,0.004,0.005,0.001,0.006,0.008,0.014,0.003,0.006,0.001,0.007,0.004,0.003,0.006,0.014,0.005,0.013,0.005,0.016,0.009,0.021,0.026,0.04,0.022,0.014,0.002,0.02,0.007,0.021,0.003,0.012,0.005,0.012,0.002,0.002,0.001,0.002,0.006,0.02,0.011,0.004,0.002,0.007,0.006,0.006,0.005,0.013,0.006,0.015,0.006,0.008,0.003,0.009,0.011,0.028,0.015,0.008,0.002,0.008,0.003,0.009,0.011,0.023,0.007,0.015,0.0478,0.0397,0.0385,0.0384,0.0379,0.0363,0.0391,0.0389,0.0378,0.0366
ENST00000379319.5|ENSG00000131591.18|OTTHUMG00000000745.9|OTTHUMT00000002215.1|C1orf159-201|C1orf159|1097|UTR5:1-307|CDS:308-904|UTR3:905-1097|,0.004,0.007,0.002,0.008,0.008,0.007,0.004,0.008,0.001,0.005,0.003,0.005,0.005,0.014,0.009,0.011,0.007,0.009,0.007,0.018,0.015,0.023,0.019,0.014,0.003,0.019,0.008,0.021,0.004,0.015,0.005,0.016,0.002,0.004,0.002,0.004,0.008,0.02,0.011,0.004,0.004,0.008,0.007,0.004,0.005,0.009,0.009,0.015,0.008,0.007,0.003,0.01,0.01,0.021,0.018,0.014,0.004,0.009,0.005,0.009,0.014,0.024,0.005,0.018,0.0497,0.0393,0.0387,0.0398,0.0394,0.0379,0.0394,0.0396,0.0383,0.039
ENST00000475119.5|ENSG00000131591.18|OTTHUMG00000000745.9|OTTHUMT00000002213.3|C1orf159-215|C1orf159|740|UTR5:1-481|CDS:482-740|,0.003,0.007,0.002,0.006,0.006,0.008,0.003,0.006,0.0,0.003,0.001,0.007,0.006,0.011,0.008,0.014,0.005,0.006,0.007,0.015,0.017,0.024,0.011,0.015,0.004,0.014,0.005,0.021,0.006,0.023,0.003,0.019,0.001,0.005,0.0,0.004,0.002,0.015,0.009,0.005,0.001,0.005,0.005,0.003,0.004,0.01,0.011,0.017,0.01,0.005,0.002,0.014,0.008,0.02,0.02,0.024,0.005,0.01,0.003,0.011,0.015,0.029,0.006,0.03,0.0497,0.0376,0.0395,0.0401,0.0398,0.0379,0.0397,0.0396,0.0378,0.039
ENST00000480643.1|ENSG00000131591.18|OTTHUMG00000000745.9|OTTHUMT00000327126.3|C1orf159-217|C1orf159|579|UTR5:1-535|CDS:536-579|,0.004,0.005,0.001,0.005,0.004,0.009,0.005,0.003,0.001,0.002,0.005,0.007,0.014,0.016,0.005,0.016,0.003,0.012,0.006,0.022,0.015,0.021,0.018,0.012,0.002,0.024,0.006,0.023,0.003,0.008,0.005,0.015,0.002,0.003,0.004,0.002,0.006,0.018,0.012,0.005,0.004,0.009,0.006,0.001,0.007,0.018,0.005,0.014,0.006,0.002,0.004,0.021,0.018,0.017,0.021,0.012,0.004,0.005,0.003,0.013,0.009,0.025,0.008,0.02,0.0489,0.0367,0.0401,0.038,0.0385,0.0375,0.0378,0.0392,0.0384,0.0397
ENST00000379290.6|ENSG00000162571.14|OTTHUMG00000000851.6|OTTHUMT00000002421.4|TTLL10-203|TTLL10|2307|UTR5:1-196|CDS:197-2218|UTR3:2219-2307|,0.003,0.006,0.002,0.011,0.01,0.018,0.005,0.007,0.001,0.005,0.002,0.007,0.011,0.017,0.003,0.015,0.011,0.016,0.007,0.02,0.022,0.024,0.02,0.017,0.004,0.012,0.008,0.018,0.005,0.012,0.003,0.015,0.001,0.004,0.001,0.001,0.008,0.011,0.006,0.005,0.001,0.007,0.005,0.005,0.006,0.014,0.004,0.012,0.007,0.013,0.004,0.014,0.014,0.029,0.012,0.007,0.001,0.005,0.004,0.007,0.015,0.02,0.007,0.019,0.0487,0.0398,0.0378,0.039,0.0383,0.0379,0.0373,0.0395,0.0378,0.0391
ENST00000379289.6|ENSG00000162571.14|OTTHUMG00000000851.6|OTTHUMT00000530342.1|TTLL10-202|TTLL10|2288|UTR5:1-177|CDS:178-2199|UTR3:2200-2288|,0.003,0.006,0.002,0.011,0.01,0.018,0.005,0.007,0.001,0.005,0.002,0.007,0.011,0.017,0.003,0.015,0.011,0.016,0.007,0.02,0.022,0.025,0.02,0.017,0.004,0.012,0.007,0.019,0.005,0.012,0.003,0.015,0.001,0.004,0.001,0.001,0.008,0.011,0.006,0.004,0.001,0.007,0.004,0.004,0.006,0.014,0.004,0.012,0.007,0.012,0.004,0.014,0.015,0.03,0.012,0.007,0.001,0.005,0.004,0.007,0.016,0.02,0.007,0.019,0.0487,0.0398,0.0377,0.039,0.0383,0.0378,0.0373,0.0394,0.0379,0.0391
ENST00000673999.1|ENSG00000162571.14|OTTHUMG00000000851.6|OTTHUMT00000530344.1|TTLL10-208|TTLL10|568|UTR5:1-228|CDS:229-568|,0.003,0.001,0.003,0.008,0.008,0.021,0.004,0.007,0.0,0.005,0.0,0.004,0.01,0.016,0.003,0.019,0.009,0.022,0.004,0.023,0.025,0.025,0.017,0.021,0.001,0.016,0.008,0.017,0.005,0.004,0.005,0.022,0.001,0.001,0.0,0.0,0.01,0.012,0.012,0.007,0.001,0.007,0.004,0.004,0.002,0.013,0.007,0.01,0.002,0.015,0.002,0.016,0.015,0.032,0.009,0.003,0.0,0.012,0.004,0.005,0.019,0.025,0.007,0.022,0.0464,0.0397,0.0371,0.0361,0.0363,0.0375,0.036,0.0367,0.0379,0.0379
ENST00000379288.3|ENSG00000162571.14|OTTHUMG00000000851.6|OTTHUMT00000002420.2|TTLL10-201|TTLL10|2114|UTR5:1-177|CDS:178-1392|UTR3:1393-2114|,0.006,0.006,0.002,0.011,0.01,0.014,0.005,0.007,0.001,0.005,0.002,0.005,0.01,0.019,0.005,0.016,0.009,0.015,0.006,0.024,0.019,0.021,0.019,0.011,0.004,0.013,0.009,0.017,0.004,0.007,0.004,0.014,0.002,0.005,0.001,0.001,0.009,0.013,0.007,0.004,0.002,0.007,0.005,0.005,0.007,0.011,0.008,0.014,0.008,0.011,0.005,0.013,0.015,0.023,0.011,0.006,0.002,0.007,0.003,0.013,0.016,0.019,0.009,0.022,0.049,0.0394,0.038,0.0389,0.0384,0.0377,0.038,0.0398,0.0377,0.0392
ENST00000379268.7|ENSG00000186891.14|OTTHUMG00000001414.5|OTTHUMT00000004083.3|TNFRSF18-203|TNFRSF18|1083|UTR5:1-21|CDS:22-747|UTR3:748-1083|,0.002,0.003,0.002,0.005,0.006,0.012,0.005,0.007,0.001,0.002,0.002,0.004,0.01,0.011,0.008,0.012,0.002,0.011,0.003,0.021,0.014,0.024,0.019,0.016,0.0,0.01,0.008,0.028,0.009,0.012,0.006,0.016,0.001,0.001,0.001,0.001,0.005,0.015,0.005,0.005,0.001,0.008,0.002,0.006,0.005,0.02,0.011,0.019,0.007,0.014,0.002,0.014,0.014,0.022,0.017,0.015,0.001,0.01,0.006,0.018,0.014,0.024,0.008,0.03,0.0485,0.0378,0.0378,0.038,0.0384,0.0369,0.0375,0.0395,0.0376,0.0382
ENST00000486728.5|ENSG00000186891.14|OTTHUMG00000001414.5|OTTHUMT00000099679.3|TNFRSF18-204|TNFRSF18|727|UTR5:1-217|CDS:218-727|,0.003,0.006,0.002,0.006,0.006,0.013,0.009,0.004,0.001,0.003,0.002,0.003,0.015,0.012,0.008,0.017,0.004,0.01,0.003,0.023,0.021,0.024,0.021,0.013,0.0,0.012,0.006,0.031,0.01,0.005,0.005,0.01,0.001,0.001,0.001,0.0,0.004,0.018,0.004,0.006,0.0,0.008,0.003,0.005,0.004,0.017,0.014,0.02,0.009,0.016,0.002,0.022,0.009,0.023,0.016,0.007,0.002,0.01,0.005,0.016,0.02,0.02,0.007,0.03,0.045,0.0372,0.0362,0.0351,0.0374,0.0357,0.035,0.0381,0.0355,0.0376
ENST00000379265.5|ENSG00000186891.14|OTTHUMG00000001414.5|OTTHUMT00000004084.1|TNFRSF18-202|TNFRSF18|705|CDS:1-705|,0.002,0.003,0.002,0.006,0.006,0.013,0.006,0.009,0.0,0.003,0.003,0.003,0.009,0.009,0.006,0.009,0.003,0.013,0.002,0.017,0.015,0.019,0.019,0.016,0.0,0.008,0.007,0.031,0.011,0.016,0.006,0.017,0.0,0.002,0.001,0.0,0.004,0.016,0.003,0.007,0.001,0.009,0.003,0.006,0.004,0.022,0.013,0.016,0.009,0.016,0.003,0.011,0.009,0.021,0.018,0.019,0.002,0.009,0.007,0.016,0.014,0.021,0.009,0.03,0.049,0.0383,0.0374,0.0388,0.038,0.0377,0.0374,0.0406,0.0369,0.039
ENST00000379236.4|ENSG00000186827.11|OTTHUMG00000001415.5|OTTHUMT00000004086.3|TNFRSF4-201|TNFRSF4|1075|UTR5:1-26|CDS:27-860|UTR3:861-1075|,0.002,0.006,0.002,0.007,0.009,0.014,0.005,0.01,0.002,0.003,0.0,0.003,0.006,0.015,0.003,0.015,0.01,0.015,0.003,0.02,0.022,0.033,0.019,0.017,0.002,0.012,0.003,0.029,0.006,0.008,0.007,0.015,0.001,0.003,0.001,0.001,0.002,0.011,0.007,0.002,0.001,0.002,0.001,0.002,0.004,0.021,0.006,0.019,0.003,0.013,0.003,0.011,0.015,0.033,0.016,0.007,0.002,0.004,0.002,0.015,0.015,0.027,0.007,0.024,0.0499,0.0392,0.0388,0.0386,0.0385,0.0372,0.0389,0.0401,0.0373,0.0393
ENST00000660930.1|ENSG00000078808.19|OTTHUMG00000001812.7|-|SDF4-208|SDF4|2137|UTR5:1-329|CDS:330-1376|UTR3:1377-2137|,0.008,0.006,0.004,0.008,0.006,0.012,0.006,0.009,0.003,0.005,0.003,0.006,0.01,0.012,0.006,0.014,0.006,0.012,0.006,0.012,0.013,0.022,0.015,0.019,0.001,0.012,0.007,0.018,0.008,0.017,0.008,0.015,0.002,0.002,0.001,0.002,0.006,0.014,0.005,0.006,0.002,0.007,0.005,0.006,0.012,0.01,0.004,0.016,0.011,0.013,0.006,0.019,0.01,0.021,0.013,0.014,0.002,0.008,0.004,0.012,0.019,0.018,0.008,0.014,0.0491,0.0403,0.0377,0.0383,0.0401,0.0363,0.0401,0.0394,0.0373,0.04
ENST00000465727.5|ENSG00000078808.19|OTTHUMG00000001812.7|OTTHUMT00000005065.3|SDF4-205|SDF4|2095|UTR5:1-293|CDS:294-1058|UTR3:1059-2095|,0.008,0.006,0.004,0.008,0.006,0.012,0.006,0.009,0.003,0.005,0.003,0.006,0.009,0.012,0.006,0.014,0.006,0.012,0.006,0.013,0.013,0.023,0.015,0.019,0.001,0.013,0.006,0.019,0.008,0.017,0.008,0.015,0.002,0.002,0.001,0.002,0.007,0.014,0.006,0.007,0.002,0.007,0.004,0.005,0.012,0.01,0.004,0.016,0.011,0.013,0.006,0.019,0.01,0.021,0.013,0.014,0.002,0.008,0.004,0.012,0.019,0.018,0.008,0.014,0.049,0.0401,0.0376,0.0383,0.0398,0.0365,0.0398,0.0394,0.0372,0.04
ENST00000403997.2|ENSG00000078808.19|OTTHUMG00000001812.7|OTTHUMT00000005069.2|SDF4-203|SDF4|728|CDS:1-728|,0.003,0.006,0.002,0.015,0.009,0.013,0.005,0.01,0.003,0.006,0.002,0.008,0.012,0.013,0.007,0.024,0.008,0.011,0.007,0.017,0.012,0.011,0.013,0.012,0.001,0.011,0.007,0.018,0.008,0.008,0.007,0.014,0.002,0.002,0.001,0.002,0.01,0.009,0.008,0.005,0.0,0.008,0.007,0.005,0.012,0.01,0.004,0.018,0.014,0.019,0.009,0.023,0.011,0.013,0.011,0.01,0.003,0.008,0.005,0.013,0.033,0.013,0.01,0.009,0.048,0.0398,0.0361,0.0383,0.0413,0.0357,0.0394,0.0396,0.0373,0.0378
ENST00000330388.2|ENSG00000184163.3|OTTHUMG00000001412.6|OTTHUMT00000004080.4|C1QTNF12-201|C1QTNF12|1036|UTR5:1-32|CDS:33-941|UTR3:942-1036|,0.001,0.002,0.001,0.007,0.007,0.006,0.002,0.009,0.001,0.004,0.001,0.004,0.005,0.014,0.005,0.018,0.005,0.01,0.005,0.02,0.015,0.019,0.016,0.018,0.001,0.016,0.006,0.025,0.005,0.016,0.007,0.022,0.001,0.002,0.001,0.0,0.006,0.016,0.01,0.006,0.001,0.009,0.003,0.002,0.006,0.018,0.006,0.014,0.004,0.011,0.002,0.015,0.011,0.027,0.02,0.016,0.001,0.009,0.005,0.014,0.016,0.027,0.011,0.024,0.0488,0.0383,0.0367,0.0394,0.0392,0.0363,0.0377,0.038,0.0386,0.0379
ENST00000400929.6|ENSG00000160087.21|OTTHUMG00000001911.9|OTTHUMT00000365645.1|UBE2J2-204|UBE2J2|1057|UTR5:1-215|CDS:216-839|UTR3:840-1057|,0.012,0.009,0.003,0.007,0.006,0.012,0.008,0.01,0.002,0.004,0.006,0.004,0.013,0.01,0.006,0.013,0.008,0.013,0.004,0.017,0.016,0.017,0.013,0.008,0.004,0.01,0.008,0.016,0.005,0.011,0.005,0.018,0.003,0.002,0.006,0.003,0.006,0.012,0.004,0.006,0.006,0.008,0.013,0.006,0.01,0.007,0.006,0.014,0.008,0.012,0.004,0.016,0.013,0.013,0.011,0.016,0.002,0.007,0.006,0.01,0.012,0.026,0.008,0.016,0.0501,0.0405,0.0393,0.041,0.0392,0.0387,0.0397,0.0402,0.04,0.0395
ENST00000400930.8|ENSG00000160087.21|OTTHUMG00000001911.9|OTTHUMT00000365644.1|UBE2J2-205|UBE2J2|1021|UTR5:1-168|CDS:169-996|UTR3:997-1021|,0.008,0.009,0.003,0.009,0.006,0.011,0.007,0.01,0.003,0.005,0.008,0.005,0.015,0.011,0.008,0.012,0.008,0.01,0.005,0.017,0.014,0.017,0.014,0.008,0.004,0.012,0.009,0.013,0.007,0.009,0.005,0.018,0.004,0.003,0.006,0.003,0.007,0.013,0.006,0.007,0.006,0.01,0.012,0.005,0.009,0.007,0.005,0.012,0.009,0.011,0.006,0.016,0.014,0.012,0.01,0.014,0.003,0.006,0.005,0.01,0.01,0.023,0.007,0.013,0.0506,0.041,0.0389,0.0411,0.0401,0.0388,0.041,0.0407,0.0398,0.0402
ENST00000473215.5|ENSG00000160087.21|OTTHUMG00000001911.9|OTTHUMT00000005432.2|UBE2J2-214|UBE2J2|1028|UTR5:1-184|CDS:185-319|UTR3:320-1028|,0.008,0.009,0.003,0.009,0.005,0.011,0.008,0.009,0.002,0.005,0.007,0.005,0.014,0.009,0.006,0.01,0.007,0.012,0.006,0.016,0.015,0.022,0.015,0.01,0.004,0.012,0.007,0.017,0.007,0.012,0.004,0.019,0.005,0.002,0.006,0.002,0.006,0.014,0.006,0.007,0.005,0.009,0.01,0.004,0.009,0.01,0.006,0.012,0.009,0.011,0.005,0.014,0.014,0.015,0.011,0.015,0.003,0.007,0.003,0.01,0.009,0.025,0.007,0.014,0.0503,0.0414,0.0378,0.042,0.0392,0.0385,0.0407,0.0405,0.04,0.0395
ENST00000435198.5|ENSG00000160087.21|OTTHUMG00000001911.9|OTTHUMT00000005791.2|UBE2J2-207|UBE2J2|1056|UTR5:1-468|CDS:469-1056|,0.007,0.006,0.003,0.007,0.006,0.01,0.007,0.008,0.002,0.005,0.006,0.005,0.013,0.012,0.006,0.01,0.005,0.01,0.005,0.015,0.012,0.024,0.014,0.015,0.004,0.011,0.008,0.015,0.008,0.013,0.005,0.025,0.004,0.002,0.006,0.002,0.006,0.014,0.006,0.01,0.006,0.01,0.01,0.003,0.008,0.009,0.005,0.009,0.008,0.013,0.004,0.016,0.011,0.017,0.011,0.018,0.002,0.008,0.005,0.008,0.011,0.024,0.009,0.017,0.0496,0.0408,0.038,0.0407,0.0397,0.0367,0.0412,0.0402,0.0396,0.0392
ENST00000509720.5|ENSG00000160087.21|OTTHUMG00000001911.9|OTTHUMT00000365648.3|UBE2J2-220|UBE2J2|472|UTR5:1-291|CDS:292-472|,0.011,0.006,0.004,0.01,0.008,0.009,0.008,0.009,0.003,0.004,0.008,0.005,0.016,0.009,0.008,0.01,0.005,0.013,0.004,0.011,0.009,0.02,0.011,0.009,0.004,0.006,0.008,0.018,0.008,0.009,0.005,0.026,0.004,0.001,0.006,0.004,0.005,0.011,0.006,0.008,0.006,0.01,0.014,0.003,0.011,0.005,0.008,0.011,0.011,0.013,0.005,0.018,0.011,0.01,0.01,0.023,0.003,0.01,0.004,0.01,0.01,0.031,0.006,0.013,0.05,0.041,0.038,0.0433,0.0377,0.0387,0.0406,0.0414,0.0384,0.0405
ENST00000503294.5|ENSG00000160087.21|OTTHUMG00000001911.9|OTTHUMT00000365647.1|UBE2J2-219|UBE2J2|814|UTR5:1-168|CDS:169-303|UTR3:304-814|,0.003,0.005,0.004,0.006,0.004,0.011,0.006,0.005,0.001,0.011,0.006,0.007,0.009,0.009,0.006,0.012,0.005,0.011,0.009,0.014,0.017,0.025,0.015,0.01,0.006,0.01,0.006,0.019,0.006,0.01,0.004,0.019,0.004,0.003,0.007,0.001,0.006,0.014,0.009,0.007,0.004,0.009,0.008,0.003,0.009,0.012,0.006,0.014,0.006,0.007,0.005,0.014,0.013,0.017,0.012,0.017,0.004,0.006,0.004,0.012,0.009,0.027,0.009,0.015,0.0511,0.0421,0.0369,0.0428,0.0403,0.037,0.0433,0.0407,0.04,0.0402
ENST00000477894.5|ENSG00000160087.21|OTTHUMG00000001911.9|OTTHUMT00000005435.2|UBE2J2-215|UBE2J2|767|UTR5:1-189|CDS:190-492|UTR3:493-767|,0.004,0.005,0.005,0.007,0.004,0.011,0.006,0.005,0.005,0.011,0.005,0.007,0.01,0.011,0.007,0.012,0.005,0.009,0.008,0.015,0.017,0.019,0.011,0.011,0.006,0.008,0.008,0.014,0.008,0.008,0.005,0.02,0.005,0.005,0.008,0.002,0.006,0.014,0.009,0.006,0.005,0.011,0.008,0.003,0.009,0.009,0.011,0.009,0.008,0.007,0.007,0.016,0.011,0.014,0.008,0.018,0.004,0.005,0.006,0.015,0.01,0.024,0.008,0.014,0.0534,0.0417,0.0397,0.0426,0.0416,0.0382,0.0444,0.0415,0.0417,0.0412
ENST00000422076.5|ENSG00000160087.21|OTTHUMG00000001911.9|OTTHUMT00000277160.3|UBE2J2-206|UBE2J2|643|UTR5:1-339|CDS:340-643|,0.004,0.005,0.004,0.006,0.004,0.009,0.005,0.005,0.002,0.006,0.006,0.006,0.009,0.014,0.004,0.01,0.005,0.006,0.004,0.013,0.01,0.028,0.018,0.019,0.006,0.013,0.007,0.016,0.011,0.019,0.003,0.028,0.003,0.004,0.007,0.001,0.005,0.014,0.006,0.01,0.005,0.012,0.007,0.001,0.008,0.01,0.003,0.007,0.006,0.007,0.005,0.018,0.009,0.023,0.014,0.028,0.003,0.004,0.004,0.006,0.008,0.031,0.007,0.017,0.05,0.0404,0.0371,0.0404,0.041,0.0353,0.0434,0.0406,0.0379,0.0404
ENST00000400928.7|ENSG00000162572.21|OTTHUMG00000002081.8|-|SCNN1D-206|SCNN1D|2731|UTR5:1-395|CDS:396-2312|UTR3:2313-2731|,0.001,0.003,0.001,0.004,0.008,0.016,0.006,0.008,0.001,0.004,0.001,0.006,0.007,0.017,0.004,0.015,0.005,0.019,0.006,0.023,0.021,0.02,0.019,0.014,0.004,0.018,0.005,0.026,0.004,0.008,0.006,0.014,0.0,0.006,0.0,0.001,0.01,0.014,0.01,0.004,0.001,0.006,0.001,0.002,0.004,0.016,0.008,0.018,0.003,0.009,0.004,0.014,0.015,0.024,0.018,0.007,0.002,0.01,0.003,0.011,0.015,0.023,0.009,0.02,0.0507,0.0404,0.0373,0.0392,0.0399,0.0362,0.0402,0.0397,0.036,0.0399
ENST00000325425.12|ENSG00000162572.21|OTTHUMG00000002081.8|OTTHUMT00000005800.2|SCNN1D-201|SCNN1D|2679|UTR5:1-150|CDS:151-2265|UTR3:2266-2679|,0.002,0.004,0.001,0.005,0.008,0.014,0.006,0.009,0.0,0.005,0.001,0.005,0.008,0.018,0.003,0.015,0.005,0.02,0.006,0.024,0.02,0.019,0.019,0.013,0.004,0.017,0.005,0.027,0.004,0.009,0.006,0.013,0.001,0.005,0.0,0.001,0.01,0.015,0.009,0.004,0.0,0.006,0.001,0.003,0.005,0.015,0.007,0.017,0.004,0.009,0.004,0.015,0.016,0.025,0.018,0.007,0.002,0.01,0.003,0.01,0.014,0.023,0.008,0.018,0.0505,0.0404,0.0373,0.0388,0.0399,0.036,0.0401,0.0396,0.0361,0.0395
ENST00000379031.10|ENSG00000169972.12|OTTHUMG00000003361.4|OTTHUMT00000009438.2|PUSL1-201|PUSL1|1257|UTR5:1-47|CDS:48-959|UTR3:960-1257|,0.001,0.006,0.001,0.007,0.008,0.013,0.006,0.01,0.001,0.002,0.002,0.005,0.006,0.016,0.008,0.012,0.007,0.019,0.002,0.02,0.019,0.018,0.018,0.018,0.003,0.01,0.007,0.023,0.005,0.015,0.007,0.015,0.001,0.005,0.002,0.003,0.008,0.014,0.006,0.004,0.002,0.008,0.005,0.003,0.005,0.014,0.007,0.015,0.006,0.008,0.004,0.011,0.012,0.029,0.013,0.01,0.005,0.012,0.004,0.008,0.013,0.019,0.009,0.014,0.0518,0.0402,0.0404,0.0392,0.0411,0.0387,0.0392,0.0412,0.0389,0.0397
ENST00000618806.4|ENSG00000127054.21|OTTHUMG00000003330.13|-|INTS11-249|INTS11|1523|UTR5:1-79|CDS:80-1249|UTR3:1250-1523|,0.005,0.006,0.002,0.012,0.009,0.013,0.01,0.007,0.0,0.008,0.002,0.008,0.014,0.012,0.004,0.015,0.009,0.013,0.011,0.019,0.016,0.015,0.018,0.009,0.005,0.011,0.009,0.024,0.005,0.009,0.004,0.009,0.001,0.005,0.0,0.002,0.011,0.013,0.009,0.002,0.001,0.009,0.003,0.005,0.008,0.017,0.007,0.015,0.009,0.015,0.005,0.012,0.016,0.016,0.013,0.009,0.002,0.008,0.004,0.01,0.013,0.016,0.009,0.014,0.05,0.0402,0.0395,0.0379,0.04,0.0392,0.0392,0.0398,0.0378,0.0403
ENST00000435064.6|ENSG00000127054.21|OTTHUMG00000003330.13|OTTHUMT00000009360.2|INTS11-208|INTS11|2114|UTR5:1-52|CDS:53-1855|UTR3:1856-2114|,0.004,0.005,0.002,0.013,0.009,0.012,0.008,0.008,0.001,0.008,0.002,0.009,0.015,0.013,0.004,0.014,0.01,0.013,0.011,0.018,0.017,0.014,0.016,0.009,0.005,0.01,0.007,0.024,0.006,0.009,0.004,0.01,0.001,0.005,0.001,0.002,0.01,0.014,0.007,0.003,0.002,0.008,0.002,0.003,0.01,0.016,0.007,0.015,0.01,0.014,0.007,0.014,0.015,0.017,0.015,0.009,0.002,0.008,0.003,0.012,0.013,0.017,0.009,0.014,0.0508,0.0403,0.0393,0.0388,0.0403,0.0393,0.0392,0.0405,0.0381,0.0403
ENST00000411962.5|ENSG00000127054.21|OTTHUMG00000003330.13|OTTHUMT00000009370.2|INTS11-202|INTS11|1832|UTR5:1-65|CDS:66-1574|UTR3:1575-1832|,0.004,0.006,0.001,0.013,0.009,0.012,0.006,0.007,0.001,0.007,0.002,0.008,0.014,0.015,0.005,0.015,0.009,0.013,0.009,0.02,0.016,0.014,0.018,0.009,0.004,0.01,0.006,0.026,0.005,0.01,0.005,0.01,0.001,0.004,0.001,0.002,0.009,0.015,0.006,0.003,0.002,0.007,0.003,0.004,0.01,0.018,0.007,0.015,0.009,0.012,0.007,0.015,0.017,0.017,0.016,0.01,0.002,0.009,0.004,0.012,0.014,0.017,0.01,0.015,0.0505,0.0395,0.0396,0.0387,0.04,0.0385,0.0387,0.04,0.0381,0.04
ENST00000419704.5|ENSG00000127054.21|OTTHUMG00000003330.13|OTTHUMT00000009368.2|INTS11-203|INTS11|1798|UTR5:1-45|CDS:46-1545|UTR3:1546-1798|,0.004,0.005,0.002,0.013,0.009,0.011,0.006,0.008,0.001,0.007,0.002,0.01,0.015,0.015,0.004,0.015,0.01,0.012,0.01,0.019,0.016,0.013,0.016,0.01,0.004,0.01,0.006,0.025,0.005,0.009,0.005,0.01,0.001,0.004,0.001,0.002,0.01,0.013,0.007,0.003,0.002,0.007,0.003,0.004,0.01,0.017,0.007,0.016,0.01,0.013,0.006,0.015,0.016,0.017,0.017,0.009,0.002,0.009,0.004,0.012,0.014,0.018,0.009,0.015,0.0509,0.0396,0.0396,0.0388,0.0405,0.0384,0.0389,0.0405,0.038,0.0405
ENST00000532772.5|ENSG00000127054.21|OTTHUMG00000003330.13|OTTHUMT00000382934.1|INTS11-243|INTS11|1618|UTR5:1-20|CDS:21-161|UTR3:162-1618|,0.003,0.005,0.002,0.014,0.009,0.011,0.006,0.008,0.0,0.007,0.002,0.009,0.014,0.016,0.003,0.015,0.01,0.012,0.01,0.018,0.016,0.014,0.017,0.01,0.003,0.011,0.006,0.027,0.006,0.01,0.005,0.01,0.0,0.004,0.0,0.001,0.01,0.014,0.007,0.003,0.001,0.007,0.003,0.004,0.01,0.019,0.007,0.016,0.011,0.013,0.005,0.016,0.017,0.018,0.017,0.01,0.001,0.009,0.003,0.011,0.015,0.018,0.009,0.014,0.0502,0.0392,0.039,0.0381,0.0403,0.0378,0.039,0.0398,0.0374,0.04
ENST00000527098.5|ENSG00000127054.21|OTTHUMG00000003330.13|OTTHUMT00000099681.3|INTS11-233|INTS11|2004|UTR5:1-58|CDS:59-337|UTR3:338-2004|,0.002,0.005,0.002,0.013,0.008,0.013,0.008,0.009,0.001,0.008,0.002,0.01,0.015,0.013,0.004,0.014,0.009,0.014,0.012,0.016,0.018,0.014,0.016,0.01,0.005,0.01,0.007,0.023,0.006,0.01,0.005,0.011,0.001,0.005,0.001,0.001,0.01,0.014,0.007,0.003,0.001,0.008,0.001,0.003,0.01,0.016,0.007,0.015,0.009,0.013,0.007,0.014,0.015,0.017,0.015,0.01,0.001,0.008,0.002,0.011,0.014,0.018,0.008,0.014,0.0512,0.0399,0.0392,0.0394,0.0401,0.0397,0.0393,0.0405,0.0382,0.0405
ENST00000531377.5|ENSG00000127054.21|OTTHUMG00000003330.13|OTTHUMT00000383033.1|INTS11-242|INTS11|816|CDS:1-165|UTR3:166-816|,0.005,0.006,0.001,0.019,0.008,0.01,0.006,0.009,0.0,0.009,0.002,0.013,0.019,0.014,0.006,0.014,0.011,0.012,0.012,0.017,0.019,0.006,0.008,0.009,0.005,0.006,0.004,0.017,0.008,0.007,0.006,0.009,0.001,0.006,0.001,0.001,0.01,0.012,0.004,0.004,0.001,0.007,0.004,0.004,0.009,0.017,0.006,0.017,0.014,0.01,0.009,0.017,0.016,0.014,0.014,0.009,0.002,0.008,0.005,0.014,0.014,0.016,0.01,0.013,0.0519,0.0397,0.0405,0.0384,0.0409,0.0411,0.0386,0.0437,0.0373,0.0415
ENST00000527383.5|ENSG00000127054.21|OTTHUMG00000003330.13|OTTHUMT00000383034.1|INTS11-234|INTS11|668|CDS:1-104|UTR3:105-668|,0.005,0.007,0.002,0.015,0.008,0.012,0.007,0.009,0.001,0.01,0.002,0.009,0.015,0.011,0.006,0.012,0.011,0.011,0.011,0.014,0.018,0.008,0.011,0.011,0.006,0.007,0.006,0.021,0.008,0.01,0.007,0.009,0.001,0.007,0.001,0.0,0.01,0.012,0.006,0.004,0.001,0.009,0.004,0.004,0.008,0.017,0.007,0.016,0.012,0.011,0.008,0.015,0.012,0.016,0.016,0.009,0.001,0.007,0.006,0.013,0.015,0.015,0.007,0.015,0.0513,0.0394,0.0406,0.0389,0.0412,0.04,0.039,0.0429,0.0382,0.0396
ENST00000434694.6|ENSG00000127054.21|OTTHUMG00000003330.13|OTTHUMT00000009376.4|INTS11-207|INTS11|1056|UTR5:1-22|CDS:23-1056|,0.001,0.005,0.002,0.012,0.01,0.017,0.012,0.008,0.001,0.009,0.002,0.008,0.015,0.01,0.004,0.012,0.01,0.018,0.011,0.014,0.024,0.017,0.014,0.011,0.006,0.008,0.01,0.02,0.008,0.01,0.007,0.008,0.001,0.006,0.0,0.001,0.011,0.015,0.007,0.002,0.001,0.011,0.003,0.004,0.01,0.013,0.005,0.015,0.009,0.017,0.006,0.014,0.008,0.017,0.011,0.011,0.001,0.007,0.004,0.011,0.014,0.014,0.007,0.017,0.0503,0.0398,0.0398,0.0388,0.0399,0.039,0.0408,0.0401,0.0387,0.0391
ENST00000526332.5|ENSG00000127054.21|OTTHUMG00000003330.13|OTTHUMT00000383039.2|INTS11-230|INTS11|579|UTR5:1-252|CDS:253-579|,0.003,0.003,0.0,0.012,0.007,0.014,0.012,0.011,0.001,0.01,0.003,0.01,0.02,0.008,0.007,0.01,0.008,0.018,0.01,0.014,0.024,0.014,0.011,0.009,0.007,0.008,0.008,0.015,0.008,0.009,0.006,0.01,0.002,0.007,0.002,0.003,0.011,0.013,0.006,0.002,0.003,0.006,0.0,0.003,0.011,0.012,0.003,0.015,0.005,0.016,0.012,0.016,0.008,0.017,0.009,0.011,0.003,0.008,0.001,0.013,0.01,0.015,0.009,0.015,0.0522,0.0416,0.04,0.0406,0.0399,0.0416,0.0405,0.042,0.0395,0.0409
ENST00000430786.5|ENSG00000127054.21|OTTHUMG00000003330.13|OTTHUMT00000009372.2|INTS11-206|INTS11|849|UTR5:1-17|CDS:18-323|UTR3:324-849|,0.001,0.004,0.002,0.008,0.009,0.012,0.011,0.01,0.001,0.009,0.004,0.012,0.014,0.007,0.004,0.01,0.007,0.016,0.012,0.014,0.021,0.016,0.016,0.008,0.006,0.008,0.01,0.021,0.008,0.007,0.004,0.008,0.002,0.005,0.001,0.003,0.01,0.016,0.005,0.003,0.003,0.009,0.001,0.003,0.01,0.013,0.009,0.019,0.005,0.017,0.01,0.01,0.009,0.016,0.012,0.006,0.002,0.009,0.001,0.014,0.012,0.018,0.008,0.017,0.0521,0.0415,0.0399,0.0406,0.0394,0.0421,0.0399,0.0423,0.0396,0.0411
ENST00000527719.5|ENSG00000127054.21|OTTHUMG00000003330.13|OTTHUMT00000383040.2|INTS11-235|INTS11|750|UTR5:1-122|CDS:123-750|,0.002,0.004,0.002,0.009,0.009,0.011,0.012,0.009,0.001,0.01,0.004,0.012,0.015,0.006,0.005,0.01,0.007,0.014,0.012,0.015,0.017,0.015,0.014,0.009,0.007,0.008,0.01,0.019,0.007,0.009,0.003,0.01,0.002,0.005,0.002,0.003,0.012,0.011,0.006,0.003,0.003,0.008,0.001,0.005,0.01,0.014,0.008,0.019,0.005,0.016,0.011,0.011,0.01,0.018,0.012,0.009,0.002,0.007,0.002,0.014,0.011,0.02,0.008,0.017,0.0522,0.0421,0.0398,0.0406,0.04,0.0419,0.0404,0.0421,0.0396,0.0419
ENST00000429572.5|ENSG00000127054.21|OTTHUMG00000003330.13|OTTHUMT00000009375.5|INTS11-205|INTS11|1104|UTR5:1-58|CDS:59-928|UTR3:929-1104|,0.004,0.004,0.005,0.007,0.008,0.013,0.01,0.005,0.001,0.007,0.007,0.011,0.013,0.008,0.004,0.014,0.005,0.015,0.008,0.018,0.019,0.014,0.01,0.009,0.005,0.01,0.009,0.016,0.006,0.007,0.004,0.01,0.002,0.004,0.006,0.002,0.011,0.01,0.011,0.002,0.004,0.008,0.008,0.007,0.01,0.011,0.007,0.018,0.01,0.013,0.006,0.012,0.009,0.015,0.01,0.011,0.003,0.008,0.004,0.012,0.012,0.017,0.012,0.023,0.0511,0.0411,0.0415,0.0397,0.04,0.0404,0.0406,0.0404,0.0392,0.0412
ENST00000531019.5|ENSG00000127054.21|OTTHUMG00000003330.13|OTTHUMT00000383045.1|INTS11-239|INTS11|549|UTR5:1-52|CDS:53-223|UTR3:224-549|,0.001,0.005,0.003,0.004,0.008,0.014,0.012,0.009,0.001,0.011,0.002,0.012,0.014,0.006,0.004,0.005,0.005,0.015,0.015,0.012,0.018,0.027,0.023,0.008,0.008,0.006,0.011,0.024,0.006,0.009,0.002,0.012,0.001,0.005,0.0,0.004,0.01,0.014,0.006,0.002,0.001,0.009,0.0,0.003,0.008,0.017,0.005,0.019,0.008,0.016,0.008,0.01,0.012,0.02,0.008,0.011,0.001,0.006,0.0,0.011,0.013,0.017,0.006,0.025,0.0501,0.0406,0.039,0.0411,0.0385,0.0401,0.0407,0.0409,0.0394,0.0416
ENST00000498476.6|ENSG00000127054.21|OTTHUMG00000003330.13|OTTHUMT00000383046.2|INTS11-224|INTS11|554|UTR5:1-52|CDS:53-554|,0.0,0.003,0.003,0.002,0.008,0.013,0.012,0.01,0.0,0.01,0.003,0.012,0.009,0.005,0.003,0.01,0.002,0.016,0.015,0.014,0.017,0.021,0.02,0.009,0.006,0.008,0.013,0.023,0.009,0.006,0.002,0.014,0.001,0.005,0.0,0.001,0.011,0.017,0.005,0.004,0.001,0.011,0.001,0.004,0.006,0.014,0.011,0.021,0.005,0.017,0.006,0.01,0.012,0.017,0.012,0.009,0.0,0.01,0.0,0.014,0.015,0.023,0.008,0.024,0.0507,0.0409,0.0389,0.0406,0.0378,0.0411,0.0399,0.0398,0.039,0.0397
ENST00000470679.3|ENSG00000127054.21|OTTHUMG00000003330.13|OTTHUMT00000099682.3|INTS11-215|INTS11|584|CDS:1-166|UTR3:167-584|,0.002,0.005,0.004,0.006,0.008,0.011,0.014,0.005,0.001,0.005,0.003,0.011,0.013,0.008,0.006,0.009,0.004,0.013,0.01,0.016,0.017,0.026,0.023,0.003,0.005,0.007,0.011,0.027,0.005,0.004,0.002,0.008,0.001,0.004,0.0,0.004,0.008,0.014,0.004,0.002,0.002,0.01,0.004,0.005,0.014,0.015,0.008,0.021,0.01,0.016,0.006,0.01,0.01,0.017,0.009,0.009,0.001,0.006,0.003,0.014,0.01,0.02,0.008,0.031,0.048,0.0394,0.039,0.0396,0.0382,0.039,0.038,0.0399,0.0402,0.0401
ENST00000525285.1|ENSG00000127054.21|OTTHUMG00000003330.13|OTTHUMT00000383047.1|INTS11-226|INTS11|579|CDS:1-194|UTR3:195-579|,0.0,0.004,0.005,0.004,0.009,0.011,0.006,0.007,0.001,0.007,0.006,0.011,0.007,0.006,0.001,0.007,0.006,0.014,0.013,0.011,0.014,0.029,0.027,0.009,0.002,0.014,0.012,0.029,0.005,0.006,0.003,0.007,0.001,0.003,0.002,0.0,0.01,0.019,0.014,0.002,0.001,0.013,0.007,0.006,0.007,0.019,0.013,0.021,0.006,0.012,0.005,0.005,0.011,0.021,0.011,0.003,0.002,0.01,0.002,0.013,0.009,0.016,0.01,0.019,0.0496,0.038,0.0416,0.0388,0.0386,0.0397,0.0391,0.0399,0.0389,0.0389
ENST00000343938.9|ENSG00000224051.7|OTTHUMG00000003171.4|OTTHUMT00000008742.2|CPTP-201|CPTP|2154|UTR5:1-376|CDS:377-1021|UTR3:1022-2154|,0.003,0.005,0.002,0.007,0.008,0.012,0.004,0.007,0.0,0.005,0.001,0.004,0.009,0.018,0.005,0.016,0.006,0.013,0.005,0.024,0.019,0.032,0.02,0.016,0.005,0.015,0.005,0.02,0.005,0.012,0.007,0.014,0.001,0.003,0.001,0.002,0.006,0.014,0.01,0.005,0.001,0.006,0.002,0.002,0.006,0.014,0.005,0.015,0.007,0.01,0.003,0.014,0.014,0.029,0.012,0.01,0.001,0.009,0.003,0.014,0.014,0.021,0.01,0.019,0.0485,0.0386,0.0382,0.0392,0.0364,0.0392,0.0367,0.0389,0.0375,0.0388
ENST00000632445.1|ENSG00000107404.20|OTTHUMG00000003069.5|OTTHUMT00000487904.1|DVL1-206|DVL1|785|CDS:1-654|UTR3:655-785|,0.002,0.003,0.002,0.008,0.008,0.014,0.007,0.009,0.0,0.008,0.0,0.004,0.007,0.02,0.009,0.008,0.006,0.017,0.004,0.019,0.012,0.022,0.014,0.019,0.007,0.011,0.008,0.019,0.003,0.014,0.008,0.023,0.001,0.008,0.001,0.002,0.011,0.011,0.005,0.008,0.002,0.005,0.001,0.002,0.008,0.011,0.002,0.014,0.007,0.012,0.005,0.014,0.014,0.02,0.019,0.012,0.003,0.01,0.0,0.012,0.019,0.02,0.006,0.018,0.0514,0.0423,0.0352,0.0416,0.0406,0.0363,0.0405,0.04,0.0383,0.0406
ENST00000631679.1|ENSG00000107404.20|OTTHUMG00000003069.5|OTTHUMT00000487901.1|DVL1-205|DVL1|778|CDS:1-756|UTR3:757-778|,0.0,0.005,0.003,0.008,0.009,0.014,0.008,0.011,0.0,0.008,0.0,0.008,0.008,0.015,0.007,0.008,0.008,0.014,0.007,0.015,0.013,0.025,0.011,0.016,0.007,0.007,0.009,0.02,0.005,0.011,0.008,0.021,0.0,0.008,0.001,0.002,0.011,0.007,0.005,0.007,0.002,0.006,0.002,0.003,0.012,0.015,0.004,0.012,0.008,0.017,0.005,0.012,0.011,0.019,0.019,0.011,0.002,0.008,0.002,0.013,0.017,0.018,0.006,0.015,0.0523,0.0426,0.0362,0.0425,0.0406,0.0376,0.0415,0.0396,0.0384,0.0415
ENST00000309212.11|ENSG00000162576.17|OTTHUMG00000002973.5|OTTHUMT00000008282.2|MXRA8-201|MXRA8|2293|UTR5:1-51|CDS:52-1380|UTR3:1381-2293|,0.004,0.004,0.002,0.004,0.006,0.014,0.009,0.007,0.001,0.005,0.002,0.003,0.006,0.01,0.004,0.011,0.004,0.015,0.007,0.012,0.015,0.024,0.021,0.013,0.004,0.016,0.009,0.029,0.007,0.016,0.004,0.014,0.001,0.006,0.001,0.002,0.007,0.014,0.009,0.005,0.002,0.006,0.004,0.006,0.005,0.017,0.007,0.019,0.005,0.012,0.002,0.014,0.01,0.021,0.018,0.016,0.002,0.007,0.003,0.01,0.015,0.022,0.007,0.021,0.0499,0.0396,0.038,0.0393,0.0407,0.0361,0.0392,0.0391,0.0385,0.0401
ENST00000445648.5|ENSG00000162576.17|OTTHUMG00000002973.5|OTTHUMT00000008475.1|MXRA8-203|MXRA8|2001|UTR5:1-39|CDS:40-1392|UTR3:1393-2001|,0.003,0.004,0.001,0.004,0.007,0.015,0.01,0.007,0.001,0.005,0.002,0.003,0.006,0.01,0.004,0.011,0.004,0.015,0.007,0.012,0.015,0.022,0.02,0.014,0.004,0.015,0.009,0.028,0.007,0.018,0.004,0.014,0.001,0.007,0.0,0.001,0.006,0.013,0.009,0.005,0.001,0.006,0.004,0.006,0.006,0.016,0.007,0.019,0.005,0.013,0.002,0.014,0.009,0.022,0.018,0.018,0.002,0.007,0.003,0.01,0.015,0.021,0.007,0.021,0.0504,0.0398,0.0378,0.0395,0.041,0.0362,0.0393,0.0392,0.0385,0.0403
ENST00000338370.7|ENSG00000175756.13|OTTHUMG00000001413.3|OTTHUMT00000008273.1|AURKAIP1-203|AURKAIP1|1072|UTR5:1-401|CDS:402-1001|UTR3:1002-1072|,0.005,0.003,0.003,0.014,0.003,0.01,0.004,0.005,0.002,0.004,0.002,0.004,0.011,0.012,0.005,0.019,0.006,0.005,0.002,0.016,0.011,0.022,0.016,0.022,0.002,0.009,0.007,0.021,0.006,0.021,0.006,0.02,0.002,0.003,0.0,0.002,0.005,0.014,0.006,0.006,0.001,0.007,0.002,0.006,0.009,0.009,0.006,0.014,0.012,0.01,0.007,0.016,0.01,0.025,0.014,0.02,0.002,0.01,0.005,0.008,0.018,0.026,0.009,0.034,0.0463,0.0396,0.0373,0.0368,0.0384,0.0373,0.0369,0.0388,0.0358,0.0379
ENST00000338338.9|ENSG00000175756.13|OTTHUMG00000001413.3|OTTHUMT00000004082.2|AURKAIP1-202|AURKAIP1|1047|UTR5:1-376|CDS:377-976|UTR3:977-1047|,0.006,0.005,0.006,0.012,0.002,0.012,0.004,0.005,0.002,0.006,0.003,0.005,0.011,0.01,0.005,0.017,0.006,0.005,0.002,0.015,0.012,0.021,0.014,0.025,0.002,0.008,0.005,0.022,0.006,0.018,0.007,0.018,0.003,0.003,0.001,0.003,0.005,0.012,0.006,0.005,0.001,0.006,0.005,0.005,0.009,0.011,0.005,0.015,0.013,0.012,0.009,0.013,0.009,0.027,0.013,0.014,0.005,0.008,0.003,0.008,0.021,0.023,0.006,0.027,0.0475,0.0403,0.0385,0.038,0.0406,0.0378,0.038,0.0393,0.038,0.0385
ENST00000321751.9|ENSG00000175756.13|OTTHUMG00000001413.3|OTTHUMT00000008277.1|AURKAIP1-201|AURKAIP1|798|UTR5:1-129|CDS:130-729|UTR3:730-798|,0.006,0.002,0.004,0.015,0.003,0.009,0.003,0.004,0.002,0.005,0.002,0.005,0.014,0.012,0.005,0.021,0.007,0.005,0.002,0.018,0.012,0.022,0.015,0.022,0.002,0.009,0.005,0.024,0.004,0.018,0.006,0.017,0.002,0.004,0.0,0.002,0.006,0.013,0.007,0.005,0.001,0.006,0.002,0.005,0.01,0.011,0.005,0.015,0.012,0.009,0.008,0.016,0.011,0.027,0.016,0.015,0.003,0.01,0.004,0.006,0.018,0.028,0.007,0.027,0.0464,0.0402,0.0369,0.0368,0.0389,0.038,0.037,0.0387,0.0366,0.0384
ENST00000482621.5|ENSG00000221978.12|OTTHUMG00000002917.7|OTTHUMT00000008150.4|CCNL2-215|CCNL2|2059|CDS:1-139|UTR3:140-2059|,0.014,0.005,0.007,0.016,0.01,0.007,0.007,0.005,0.004,0.008,0.005,0.007,0.013,0.014,0.007,0.013,0.009,0.009,0.006,0.013,0.01,0.016,0.011,0.008,0.005,0.014,0.009,0.014,0.005,0.006,0.007,0.01,0.006,0.005,0.007,0.002,0.007,0.01,0.012,0.007,0.006,0.007,0.009,0.008,0.011,0.01,0.009,0.013,0.013,0.009,0.005,0.015,0.011,0.012,0.011,0.007,0.005,0.007,0.007,0.014,0.014,0.011,0.011,0.011,0.0516,0.0398,0.042,0.0397,0.0421,0.0382,0.0408,0.0402,0.041,0.0404
ENST00000408952.8|ENSG00000221978.12|OTTHUMG00000002917.7|-|CCNL2-203|CCNL2|1857|UTR5:1-85|CDS:86-1129|UTR3:1130-1857|,0.013,0.005,0.006,0.015,0.009,0.007,0.006,0.004,0.004,0.007,0.007,0.007,0.012,0.014,0.008,0.012,0.008,0.01,0.004,0.015,0.01,0.017,0.012,0.009,0.005,0.013,0.009,0.015,0.004,0.007,0.005,0.01,0.004,0.005,0.007,0.002,0.005,0.01,0.011,0.007,0.005,0.008,0.009,0.009,0.011,0.012,0.009,0.014,0.013,0.007,0.007,0.014,0.012,0.014,0.012,0.007,0.004,0.007,0.007,0.015,0.015,0.012,0.01,0.013,0.0514,0.0398,0.0415,0.0396,0.0422,0.0382,0.0405,0.0408,0.0409,0.0396
ENST00000481223.6|ENSG00000221978.12|OTTHUMG00000002917.7|OTTHUMT00000008149.3|CCNL2-213|CCNL2|2815|UTR5:1-5|CDS:6-716|UTR3:717-2815|,0.011,0.004,0.006,0.015,0.009,0.007,0.006,0.005,0.004,0.006,0.006,0.007,0.014,0.014,0.008,0.012,0.009,0.009,0.007,0.014,0.01,0.014,0.013,0.009,0.004,0.013,0.01,0.014,0.005,0.006,0.006,0.012,0.004,0.005,0.005,0.004,0.007,0.012,0.011,0.007,0.006,0.01,0.013,0.008,0.009,0.011,0.009,0.012,0.011,0.009,0.006,0.015,0.013,0.013,0.011,0.009,0.004,0.008,0.008,0.012,0.013,0.014,0.01,0.013,0.0508,0.0403,0.0403,0.0398,0.0413,0.0384,0.04,0.0406,0.0395,0.0402
ENST00000488340.5|ENSG00000221978.12|OTTHUMG00000002917.7|OTTHUMT00000158323.2|CCNL2-216|CCNL2|1598|UTR5:1-22|CDS:23-706|UTR3:707-1598|,0.012,0.003,0.005,0.019,0.01,0.008,0.004,0.005,0.003,0.009,0.003,0.006,0.016,0.016,0.006,0.014,0.011,0.01,0.007,0.013,0.012,0.015,0.012,0.012,0.003,0.012,0.006,0.014,0.007,0.008,0.007,0.016,0.004,0.006,0.004,0.001,0.007,0.013,0.008,0.01,0.004,0.008,0.005,0.004,0.007,0.009,0.007,0.011,0.012,0.009,0.005,0.018,0.012,0.014,0.012,0.012,0.003,0.01,0.007,0.011,0.014,0.016,0.011,0.015,0.0504,0.0401,0.039,0.0401,0.0411,0.0375,0.0395,0.04,0.0383,0.0406
ENST00000425598.2|ENSG00000221978.12|OTTHUMG00000002917.7|OTTHUMT00000367143.1|CCNL2-205|CCNL2|661|UTR5:1-19|CDS:20-562|UTR3:563-661|,0.009,0.002,0.005,0.013,0.007,0.01,0.004,0.005,0.005,0.008,0.003,0.009,0.013,0.011,0.004,0.01,0.01,0.008,0.01,0.011,0.011,0.007,0.015,0.015,0.003,0.013,0.004,0.014,0.008,0.011,0.007,0.021,0.004,0.006,0.004,0.001,0.011,0.015,0.004,0.008,0.005,0.008,0.005,0.003,0.005,0.01,0.011,0.011,0.006,0.011,0.005,0.011,0.011,0.016,0.011,0.018,0.003,0.009,0.009,0.012,0.007,0.025,0.011,0.018,0.0526,0.0416,0.0388,0.0432,0.0411,0.04,0.0399,0.0412,0.0403,0.0428
ENST00000497013.1|ENSG00000221978.12|OTTHUMG00000002917.7|OTTHUMT00000099685.3|CCNL2-219|CCNL2|548|UTR5:1-291|CDS:292-548|,0.011,0.002,0.006,0.015,0.002,0.011,0.007,0.01,0.005,0.003,0.004,0.01,0.014,0.012,0.006,0.005,0.008,0.005,0.007,0.008,0.016,0.029,0.013,0.014,0.007,0.006,0.01,0.008,0.01,0.012,0.008,0.013,0.003,0.008,0.003,0.004,0.006,0.01,0.007,0.006,0.006,0.014,0.012,0.005,0.006,0.006,0.012,0.013,0.012,0.014,0.005,0.01,0.005,0.022,0.005,0.013,0.0,0.006,0.012,0.014,0.011,0.015,0.005,0.01,0.051,0.0407,0.0412,0.0425,0.039,0.0403,0.0403,0.0403,0.0419,0.0428
ENST00000344843.12|ENSG00000242485.6|OTTHUMG00000002916.4|OTTHUMT00000008139.2|MRPL20-201|MRPL20|700|UTR5:1-76|CDS:77-526|UTR3:527-700|,0.012,0.007,0.008,0.012,0.011,0.009,0.007,0.003,0.002,0.007,0.01,0.01,0.01,0.01,0.008,0.015,0.007,0.007,0.007,0.017,0.012,0.004,0.009,0.007,0.005,0.008,0.008,0.017,0.007,0.009,0.003,0.007,0.003,0.007,0.003,0.004,0.007,0.007,0.009,0.005,0.006,0.007,0.017,0.013,0.012,0.013,0.01,0.013,0.017,0.009,0.011,0.011,0.008,0.012,0.012,0.011,0.004,0.005,0.008,0.009,0.019,0.012,0.005,0.009,0.0516,0.0426,0.0402,0.0408,0.0411,0.0415,0.0389,0.0421,0.0419,0.0409
ENST00000492508.1|ENSG00000242485.6|OTTHUMG00000002916.4|OTTHUMT00000008145.3|MRPL20-205|MRPL20|588|CDS:1-201|UTR3:202-588|,0.009,0.006,0.005,0.011,0.011,0.01,0.005,0.002,0.002,0.008,0.01,0.003,0.006,0.017,0.01,0.018,0.007,0.009,0.008,0.025,0.017,0.015,0.017,0.007,0.006,0.01,0.01,0.017,0.006,0.005,0.002,0.005,0.003,0.005,0.002,0.006,0.013,0.016,0.01,0.002,0.007,0.015,0.01,0.006,0.01,0.01,0.008,0.013,0.012,0.008,0.008,0.009,0.008,0.015,0.012,0.006,0.001,0.008,0.008,0.015,0.015,0.009,0.012,0.005,0.0492,0.0414,0.0406,0.0376,0.039,0.0394,0.0395,0.04,0.0398,0.0406
ENST00000537107.6|ENSG00000235098.9|OTTHUMG00000002911.4|-|ANKRD65-205|ANKRD65|2024|UTR5:1-144|CDS:145-1344|UTR3:1345-2024|,0.007,0.004,0.003,0.006,0.008,0.01,0.004,0.006,0.002,0.002,0.003,0.005,0.01,0.011,0.004,0.021,0.004,0.01,0.004,0.02,0.013,0.017,0.016,0.013,0.003,0.012,0.006,0.026,0.004,0.016,0.003,0.016,0.002,0.003,0.001,0.003,0.006,0.008,0.005,0.002,0.002,0.005,0.004,0.006,0.007,0.018,0.006,0.017,0.008,0.011,0.004,0.017,0.011,0.024,0.021,0.018,0.002,0.003,0.003,0.011,0.019,0.03,0.006,0.027,0.0492,0.0393,0.0381,0.0391,0.038,0.0391,0.0377,0.039,0.0392,0.0379
ENST00000520296.5|ENSG00000235098.9|OTTHUMG00000002911.4|OTTHUMT00000374565.1|ANKRD65-204|ANKRD65|1632|UTR5:1-312|CDS:313-510|UTR3:511-1632|,0.009,0.006,0.003,0.009,0.009,0.012,0.005,0.003,0.003,0.002,0.004,0.007,0.012,0.013,0.007,0.026,0.005,0.009,0.006,0.026,0.016,0.019,0.018,0.009,0.003,0.012,0.007,0.024,0.005,0.005,0.003,0.005,0.003,0.003,0.001,0.004,0.008,0.009,0.006,0.001,0.002,0.007,0.005,0.007,0.01,0.016,0.009,0.015,0.011,0.01,0.005,0.019,0.012,0.023,0.018,0.004,0.003,0.003,0.005,0.012,0.019,0.023,0.005,0.025,0.0476,0.0395,0.0384,0.0379,0.0384,0.0384,0.0369,0.0389,0.0385,0.0381
ENST00000427211.3|ENSG00000235098.9|OTTHUMG00000002911.4|OTTHUMT00000008131.3|ANKRD65-201|ANKRD65|1976|UTR5:1-637|CDS:638-1162|UTR3:1163-1976|,0.008,0.006,0.003,0.009,0.009,0.011,0.004,0.002,0.002,0.003,0.004,0.006,0.011,0.014,0.006,0.026,0.005,0.009,0.007,0.025,0.017,0.02,0.02,0.009,0.003,0.011,0.009,0.024,0.004,0.005,0.003,0.005,0.003,0.003,0.001,0.003,0.007,0.011,0.006,0.002,0.002,0.007,0.006,0.007,0.009,0.015,0.009,0.017,0.011,0.009,0.004,0.02,0.011,0.023,0.017,0.004,0.003,0.005,0.005,0.012,0.019,0.023,0.006,0.027,0.0471,0.0391,0.0385,0.0371,0.0382,0.0379,0.037,0.0383,0.0384,0.0374
ENST00000442470.1|ENSG00000235098.9|OTTHUMG00000002911.4|OTTHUMT00000008132.2|ANKRD65-202|ANKRD65|876|UTR5:1-255|CDS:256-780|UTR3:781-876|,0.002,0.005,0.001,0.008,0.011,0.011,0.005,0.004,0.0,0.002,0.001,0.006,0.014,0.011,0.004,0.03,0.002,0.012,0.004,0.028,0.019,0.023,0.019,0.01,0.004,0.013,0.003,0.028,0.005,0.006,0.004,0.007,0.002,0.003,0.0,0.001,0.004,0.009,0.004,0.001,0.0,0.001,0.001,0.006,0.007,0.021,0.004,0.023,0.009,0.011,0.006,0.023,0.011,0.028,0.02,0.006,0.002,0.004,0.003,0.013,0.023,0.027,0.009,0.032,0.0464,0.0383,0.0374,0.037,0.037,0.0364,0.0363,0.0379,0.0377,0.0373
ENST00000378821.3|ENSG00000205116.3|OTTHUMG00000153395.3|OTTHUMT00000331012.3|TMEM88B-201|TMEM88B|492|CDS:1-492|,0.0,0.001,0.0,0.0,0.003,0.011,0.003,0.005,0.0,0.001,0.001,0.003,0.003,0.008,0.001,0.014,0.001,0.006,0.003,0.009,0.008,0.039,0.02,0.042,0.003,0.021,0.004,0.03,0.008,0.037,0.006,0.02,0.0,0.001,0.0,0.001,0.004,0.018,0.006,0.01,0.0,0.008,0.0,0.0,0.005,0.028,0.005,0.01,0.0,0.013,0.001,0.015,0.005,0.04,0.029,0.014,0.0,0.008,0.003,0.015,0.015,0.016,0.013,0.027,0.0473,0.0404,0.033,0.0365,0.0393,0.0349,0.0375,0.0395,0.0351,0.0368
ENST00000338660.5|ENSG00000179403.12|OTTHUMG00000002975.6|OTTHUMT00000008292.2|VWA1-201|VWA1|2147|UTR5:1-226|CDS:227-421|UTR3:422-2147|,0.001,0.003,0.002,0.005,0.003,0.011,0.006,0.008,0.001,0.004,0.002,0.003,0.006,0.015,0.003,0.014,0.004,0.012,0.003,0.018,0.014,0.03,0.017,0.024,0.004,0.012,0.005,0.019,0.006,0.026,0.009,0.019,0.001,0.002,0.001,0.002,0.007,0.012,0.003,0.006,0.0,0.005,0.001,0.003,0.007,0.012,0.005,0.014,0.004,0.011,0.003,0.015,0.012,0.032,0.014,0.022,0.001,0.009,0.002,0.013,0.014,0.027,0.007,0.027,0.0497,0.0391,0.0393,0.0385,0.0392,0.0375,0.0367,0.0405,0.0391,0.0376
ENST00000308647.8|ENSG00000160072.20|OTTHUMG00000000577.6|-|ATAD3B-201|ATAD3B|2114|UTR5:1-101|CDS:102-995|UTR3:996-2114|,0.002,0.005,0.003,0.01,0.008,0.009,0.006,0.007,0.002,0.004,0.002,0.008,0.008,0.014,0.005,0.018,0.008,0.01,0.007,0.017,0.016,0.016,0.015,0.012,0.003,0.01,0.006,0.021,0.005,0.013,0.005,0.017,0.001,0.003,0.001,0.002,0.006,0.01,0.005,0.007,0.002,0.005,0.005,0.005,0.008,0.012,0.009,0.016,0.008,0.012,0.004,0.015,0.013,0.025,0.013,0.014,0.002,0.01,0.004,0.012,0.017,0.027,0.008,0.023,0.0503,0.0407,0.0384,0.0401,0.0389,0.038,0.0399,0.0399,0.0387,0.0389
ENST00000378755.9|ENSG00000197785.14|OTTHUMG00000000575.7|OTTHUMT00000001365.1|ATAD3A-202|ATAD3A|2612|UTR5:1-94|CDS:95-1999|UTR3:2000-2612|,0.002,0.004,0.003,0.011,0.008,0.009,0.005,0.006,0.001,0.004,0.001,0.008,0.01,0.018,0.006,0.019,0.008,0.011,0.006,0.02,0.015,0.016,0.013,0.014,0.002,0.008,0.006,0.02,0.006,0.013,0.005,0.017,0.001,0.002,0.002,0.002,0.006,0.009,0.005,0.005,0.001,0.004,0.004,0.005,0.01,0.013,0.008,0.015,0.009,0.011,0.005,0.02,0.016,0.024,0.014,0.016,0.002,0.008,0.003,0.011,0.018,0.025,0.007,0.02,0.0504,0.04,0.0386,0.0396,0.0385,0.0379,0.0397,0.0392,0.039,0.0389
ENST00000536055.6|ENSG00000197785.14|OTTHUMG00000000575.7|OTTHUMT00000001364.2|ATAD3A-207|ATAD3A|2330|UTR5:1-193|CDS:194-1717|UTR3:1718-2330|,0.001,0.004,0.003,0.011,0.008,0.01,0.005,0.007,0.001,0.005,0.001,0.009,0.011,0.018,0.005,0.02,0.007,0.012,0.006,0.021,0.016,0.018,0.014,0.014,0.002,0.009,0.006,0.021,0.006,0.011,0.005,0.015,0.001,0.003,0.002,0.001,0.007,0.01,0.005,0.005,0.001,0.005,0.005,0.006,0.01,0.012,0.009,0.014,0.009,0.011,0.005,0.02,0.016,0.023,0.013,0.011,0.002,0.009,0.004,0.01,0.019,0.023,0.007,0.02,0.0497,0.0399,0.0385,0.0394,0.0382,0.0383,0.0392,0.0388,0.0393,0.038
ENST00000425828.1|ENSG00000205090.9|OTTHUMG00000042193.4|-|TMEM240-202|TMEM240|717|UTR5:1-43|CDS:44-565|UTR3:566-717|,0.002,0.006,0.001,0.005,0.009,0.014,0.008,0.01,0.001,0.006,0.002,0.011,0.005,0.011,0.003,0.008,0.005,0.011,0.008,0.011,0.014,0.011,0.011,0.019,0.004,0.006,0.005,0.023,0.008,0.015,0.009,0.021,0.001,0.007,0.001,0.0,0.002,0.009,0.004,0.006,0.001,0.004,0.002,0.003,0.01,0.014,0.009,0.02,0.006,0.015,0.009,0.011,0.01,0.022,0.015,0.017,0.003,0.006,0.002,0.015,0.019,0.023,0.006,0.023,0.0541,0.0402,0.0405,0.041,0.042,0.0394,0.0414,0.0422,0.038,0.0427
ENST00000422725.4|ENSG00000228594.4|OTTHUMG00000154864.5|OTTHUMT00000337408.5|FNDC10-201|FNDC10|2124|UTR5:1-120|CDS:121-801|UTR3:802-2124|,0.001,0.002,0.001,0.003,0.004,0.014,0.005,0.004,0.001,0.005,0.002,0.004,0.006,0.012,0.002,0.01,0.004,0.011,0.007,0.015,0.016,0.029,0.022,0.024,0.003,0.014,0.007,0.025,0.006,0.027,0.006,0.016,0.001,0.002,0.001,0.003,0.006,0.013,0.006,0.003,0.002,0.004,0.003,0.005,0.005,0.02,0.007,0.015,0.002,0.011,0.002,0.009,0.011,0.035,0.015,0.024,0.001,0.006,0.002,0.013,0.007,0.025,0.008,0.015,0.0514,0.0404,0.0382,0.0399,0.0407,0.0388,0.0387,0.0406,0.0389,0.0393
ENST00000514363.1|ENSG00000197530.12|OTTHUMG00000074647.10|OTTHUMT00000365939.1|MIB2-230|MIB2|592|UTR5:1-101|CDS:102-446|UTR3:447-592|,0.002,0.004,0.0,0.011,0.009,0.007,0.008,0.006,0.0,0.006,0.0,0.008,0.004,0.012,0.008,0.021,0.007,0.011,0.008,0.017,0.014,0.028,0.01,0.019,0.006,0.013,0.002,0.016,0.013,0.012,0.007,0.013,0.001,0.003,0.0,0.002,0.008,0.013,0.005,0.005,0.0,0.003,0.001,0.001,0.004,0.014,0.006,0.017,0.007,0.012,0.006,0.015,0.012,0.023,0.014,0.015,0.0,0.009,0.002,0.017,0.019,0.026,0.007,0.023,0.049,0.0385,0.0395,0.0378,0.0392,0.0391,0.0376,0.0379,0.0381,0.0406
ENST00000502470.5|ENSG00000197530.12|OTTHUMG00000074647.10|OTTHUMT00000365937.1|MIB2-215|MIB2|780|UTR5:1-343|CDS:344-598|UTR3:599-780|,0.002,0.005,0.0,0.007,0.008,0.011,0.006,0.011,0.0,0.003,0.0,0.004,0.005,0.012,0.008,0.013,0.007,0.011,0.005,0.019,0.012,0.02,0.008,0.02,0.005,0.007,0.002,0.017,0.011,0.022,0.007,0.026,0.0,0.004,0.0,0.001,0.004,0.008,0.002,0.008,0.0,0.002,0.001,0.002,0.003,0.014,0.003,0.02,0.005,0.017,0.002,0.01,0.018,0.023,0.014,0.026,0.0,0.011,0.002,0.016,0.014,0.033,0.011,0.026,0.0522,0.0406,0.0398,0.0386,0.0407,0.0396,0.0404,0.0398,0.0373,0.0424
ENST00000378712.5|ENSG00000197530.12|OTTHUMG00000074647.10|OTTHUMT00000158407.1|MIB2-203|MIB2|2890|UTR5:1-325|CDS:326-2587|UTR3:2588-2890|,0.002,0.006,0.0,0.008,0.008,0.011,0.004,0.012,0.0,0.006,0.001,0.004,0.006,0.013,0.006,0.014,0.008,0.012,0.006,0.018,0.014,0.019,0.012,0.017,0.003,0.007,0.003,0.021,0.008,0.021,0.007,0.019,0.001,0.003,0.001,0.001,0.007,0.007,0.003,0.007,0.001,0.004,0.001,0.002,0.005,0.017,0.004,0.019,0.006,0.014,0.003,0.013,0.015,0.024,0.016,0.021,0.001,0.007,0.002,0.018,0.016,0.025,0.011,0.02,0.0525,0.0406,0.0387,0.0399,0.0405,0.0396,0.0393,0.0406,0.0387,0.04
ENST00000506488.5|ENSG00000197530.12|OTTHUMG00000074647.10|OTTHUMT00000365935.1|MIB2-220|MIB2|2997|UTR5:1-161|CDS:162-1349|UTR3:1350-2997|,0.002,0.006,0.001,0.008,0.008,0.012,0.004,0.01,0.0,0.005,0.001,0.004,0.005,0.013,0.006,0.016,0.008,0.012,0.006,0.017,0.015,0.019,0.012,0.015,0.004,0.008,0.004,0.022,0.008,0.018,0.007,0.016,0.001,0.004,0.0,0.001,0.006,0.006,0.004,0.005,0.001,0.004,0.001,0.002,0.006,0.017,0.008,0.02,0.006,0.012,0.004,0.014,0.015,0.023,0.017,0.019,0.001,0.005,0.002,0.023,0.016,0.025,0.011,0.019,0.0531,0.0406,0.0382,0.0406,0.0407,0.0392,0.0394,0.0408,0.0387,0.0409
ENST00000514234.5|ENSG00000197530.12|OTTHUMG00000074647.10|OTTHUMT00000365933.1|MIB2-229|MIB2|2562|CDS:1-2488|UTR3:2489-2562|,0.003,0.006,0.0,0.009,0.007,0.012,0.004,0.011,0.0,0.005,0.001,0.004,0.006,0.013,0.005,0.015,0.009,0.012,0.005,0.015,0.014,0.018,0.012,0.017,0.003,0.008,0.003,0.022,0.007,0.021,0.008,0.017,0.001,0.004,0.001,0.0,0.007,0.007,0.004,0.006,0.001,0.005,0.001,0.001,0.006,0.018,0.007,0.018,0.006,0.011,0.004,0.015,0.014,0.024,0.018,0.019,0.001,0.005,0.002,0.022,0.017,0.022,0.01,0.02,0.0531,0.0397,0.0387,0.0406,0.0406,0.0393,0.039,0.0413,0.0383,0.0404
ENST00000486072.1|ENSG00000197530.12|OTTHUMG00000074647.10|OTTHUMT00000158412.2|MIB2-212|MIB2|568|CDS:1-174|UTR3:175-568|,0.001,0.002,0.0,0.004,0.011,0.014,0.002,0.01,0.0,0.003,0.0,0.004,0.004,0.016,0.008,0.008,0.002,0.018,0.006,0.02,0.014,0.017,0.025,0.006,0.001,0.017,0.01,0.025,0.006,0.01,0.009,0.015,0.0,0.0,0.001,0.002,0.012,0.01,0.009,0.011,0.0,0.008,0.002,0.006,0.004,0.014,0.006,0.026,0.004,0.016,0.0,0.009,0.011,0.023,0.017,0.013,0.002,0.013,0.004,0.015,0.014,0.024,0.011,0.033,0.0495,0.0384,0.0395,0.0364,0.0382,0.0377,0.0379,0.0398,0.0389,0.0369
ENST00000483015.1|ENSG00000197530.12|OTTHUMG00000074647.10|OTTHUMT00000158415.2|MIB2-211|MIB2|1058|CDS:1-999|UTR3:1000-1058|,0.002,0.006,0.0,0.003,0.005,0.008,0.001,0.009,0.001,0.006,0.0,0.003,0.004,0.013,0.003,0.013,0.004,0.007,0.007,0.018,0.013,0.027,0.012,0.026,0.002,0.008,0.003,0.025,0.006,0.034,0.01,0.016,0.001,0.002,0.001,0.0,0.006,0.008,0.004,0.007,0.001,0.004,0.001,0.001,0.006,0.022,0.007,0.014,0.004,0.008,0.002,0.013,0.013,0.035,0.021,0.024,0.0,0.007,0.002,0.021,0.011,0.023,0.009,0.019,0.0528,0.0397,0.0377,0.0403,0.0416,0.0382,0.0388,0.0417,0.0376,0.0404
ENST00000356026.10|ENSG00000189409.14|OTTHUMG00000074713.7|OTTHUMT00000158492.3|MMP23B-201|MMP23B|1248|UTR5:1-46|CDS:47-1219|UTR3:1220-1248|,0.003,0.004,0.001,0.005,0.006,0.012,0.006,0.012,0.001,0.003,0.0,0.004,0.004,0.013,0.002,0.011,0.004,0.017,0.004,0.012,0.016,0.033,0.018,0.016,0.005,0.011,0.008,0.026,0.009,0.023,0.007,0.018,0.0,0.006,0.0,0.001,0.005,0.013,0.007,0.006,0.0,0.009,0.0,0.001,0.006,0.015,0.005,0.016,0.005,0.01,0.004,0.012,0.011,0.024,0.021,0.022,0.001,0.007,0.001,0.011,0.011,0.026,0.006,0.017,0.0514,0.0382,0.0387,0.0401,0.0391,0.0394,0.0395,0.0394,0.0384,0.0403
ENST00000378675.7|ENSG00000189409.14|OTTHUMG00000074713.7|OTTHUMT00000158493.2|MMP23B-202|MMP23B|1309|UTR5:1-40|CDS:41-1201|UTR3:1202-1309|,0.003,0.004,0.001,0.005,0.005,0.012,0.005,0.012,0.001,0.003,0.0,0.004,0.004,0.013,0.002,0.011,0.004,0.016,0.004,0.012,0.016,0.038,0.017,0.018,0.005,0.012,0.007,0.026,0.009,0.024,0.007,0.018,0.0,0.006,0.0,0.001,0.005,0.013,0.007,0.005,0.0,0.008,0.0,0.001,0.006,0.016,0.005,0.016,0.005,0.009,0.004,0.011,0.01,0.027,0.021,0.022,0.001,0.006,0.001,0.011,0.011,0.027,0.006,0.016,0.0511,0.038,0.0389,0.0396,0.039,0.039,0.0396,0.0391,0.0383,0.04
ENST00000435358.5|ENSG00000189409.14|OTTHUMG00000074713.7|OTTHUMT00000158487.2|MMP23B-203|MMP23B|750|CDS:1-728|UTR3:729-750|,0.004,0.004,0.002,0.007,0.007,0.014,0.006,0.017,0.001,0.004,0.001,0.004,0.005,0.007,0.003,0.014,0.005,0.022,0.004,0.01,0.019,0.026,0.016,0.01,0.005,0.01,0.007,0.025,0.01,0.017,0.007,0.019,0.0,0.007,0.0,0.001,0.005,0.013,0.006,0.006,0.0,0.009,0.001,0.002,0.006,0.014,0.006,0.015,0.008,0.01,0.004,0.012,0.01,0.018,0.02,0.02,0.002,0.006,0.002,0.012,0.013,0.029,0.007,0.018,0.0518,0.038,0.039,0.0401,0.0391,0.0387,0.0403,0.0391,0.0385,0.0416
ENST00000503792.1|ENSG00000189409.14|OTTHUMG00000074713.7|OTTHUMT00000366027.1|MMP23B-209|MMP23B|799|CDS:1-777|UTR3:778-799|,0.004,0.004,0.001,0.007,0.007,0.014,0.006,0.016,0.0,0.004,0.001,0.004,0.005,0.007,0.004,0.015,0.004,0.022,0.004,0.013,0.018,0.022,0.017,0.01,0.005,0.011,0.007,0.027,0.009,0.016,0.007,0.017,0.0,0.007,0.0,0.001,0.004,0.012,0.007,0.006,0.0,0.009,0.001,0.001,0.005,0.015,0.004,0.019,0.007,0.011,0.003,0.011,0.013,0.019,0.02,0.017,0.002,0.006,0.002,0.013,0.013,0.03,0.008,0.018,0.0515,0.0384,0.0379,0.0395,0.0393,0.0383,0.0402,0.0389,0.0384,0.0412
ENST00000341832.11|ENSG00000248333.9|OTTHUMG00000078638.6|OTTHUMT00000444101.5|CDK11B-203|CDK11B|2992|UTR5:1-104|CDS:105-2453|UTR3:2454-2992|,0.015,0.008,0.004,0.02,0.009,0.01,0.006,0.006,0.002,0.007,0.004,0.008,0.023,0.017,0.007,0.019,0.008,0.008,0.006,0.017,0.011,0.016,0.01,0.009,0.003,0.01,0.006,0.013,0.008,0.006,0.005,0.013,0.003,0.004,0.002,0.002,0.009,0.008,0.007,0.007,0.003,0.008,0.006,0.006,0.012,0.007,0.007,0.011,0.021,0.011,0.008,0.027,0.011,0.012,0.01,0.011,0.003,0.005,0.006,0.011,0.024,0.013,0.006,0.016,0.0473,0.039,0.0368,0.0392,0.0378,0.0367,0.0388,0.0374,0.037,0.0386
