id,AA,AC,AG,AT,CA,CC,CG,CT,GA,GC,GG,GT,TA,TC,TG,TT
ENST00000641515.2|ENSG00000186092.6|OTTHUMG00000001094.4|OTTHUMT00000003223.4|OR4F5-202|OR4F5|2618|UTR5:1-60|CDS:61-1041|UTR3:1042-2618|,0.02799006495987772,0.012514329384791746,0.015380206343141,0.02445548337791364,0.01700420328620558,0.010221627818112342,0.001719526175009553,0.016908674054260605,0.0142338555598013,0.007355750859763087,0.008979747802827665,0.013374092472296522,0.02111196025983951,0.015762323270920902,0.017863966373710356,0.025124188001528467
ENST00000332831.4|ENSG00000284662.1|OTTHUMG00000002581.3|OTTHUMT00000007334.3|OR4F16-201|OR4F16|995|UTR5:1-19|CDS:20-958|UTR3:959-995|,0.010311871227364185,0.01358148893360161,0.01358148893360161,0.01659959758551308,0.0198692152917505,0.01710261569416499,0.002012072434607646,0.024899396378269618,0.012072434607645875,0.01056338028169014,0.011820925553319919,0.01584507042253521,0.011569416498993963,0.022635814889336015,0.023138832997987926,0.024396378269617706
ENST00000342066.8|ENSG00000187634.13|OTTHUMG00000040719.11|OTTHUMT00000276866.3|SAMD11-202|SAMD11|2557|UTR5:1-90|CDS:91-2136|UTR3:2137-2557|,0.008802816901408451,0.011639280125195618,0.019757433489827857,0.00528169014084507,0.01711658841940532,0.03433098591549296,0.01584507042253521,0.018094679186228483,0.017214397496087636,0.026604068857589983,0.029831768388106417,0.00782472613458529,0.002347417840375587,0.012812989045383411,0.016040688575899843,0.006455399061032864
ENST00000622503.5|ENSG00000187634.13|OTTHUMG00000040719.11|-|SAMD11-215|SAMD11|2049|CDS:1-2049|,0.0054931640625,0.01171875,0.0194091796875,0.0048828125,0.0167236328125,0.0380859375,0.0172119140625,0.0186767578125,0.017333984375,0.0281982421875,0.029296875,0.0072021484375,0.001953125,0.0126953125,0.01611328125,0.0050048828125
ENST00000618181.5|ENSG00000187634.13|OTTHUMG00000040719.11|-|SAMD11-212|SAMD11|1671|CDS:1-1671|,0.006137724550898204,0.012275449101796407,0.019610778443113774,0.004940119760479042,0.016167664670658683,0.03607784431137725,0.017964071856287425,0.017964071856287425,0.018263473053892216,0.02874251497005988,0.030089820359281438,0.006736526946107785,0.0023952095808383233,0.011077844311377245,0.016167664670658683,0.005389221556886228
ENST00000617307.5|ENSG00000187634.13|OTTHUMG00000040719.11|-|SAMD11-211|SAMD11|1986|CDS:1-1986|,0.005667506297229219,0.011838790931989925,0.01952141057934509,0.005037783375314861,0.016750629722921913,0.03828715365239295,0.0172544080604534,0.018513853904282115,0.017758186397984887,0.02795969773299748,0.02934508816120907,0.0069269521410579345,0.001889168765743073,0.012720403022670025,0.015869017632241814,0.0046599496221662465
ENST00000341065.8|ENSG00000187634.13|OTTHUMG00000040719.11|OTTHUMT00000097860.4|SAMD11-201|SAMD11|2191|CDS:1-1769|UTR3:1770-2191|,0.008561643835616438,0.011872146118721462,0.019748858447488585,0.004794520547945206,0.017579908675799085,0.034817351598173514,0.015525114155251141,0.018493150684931507,0.01632420091324201,0.026940639269406392,0.0295662100456621,0.007762557077625571,0.002511415525114155,0.012671232876712329,0.015753424657534248,0.007077625570776256
ENST00000338591.8|ENSG00000187961.14|OTTHUMG00000040721.8|OTTHUMT00000097875.4|KLHL17-201|KLHL17|2567|UTR5:1-110|CDS:111-2039|UTR3:2040-2567|,0.005748246297739673,0.014321901792673421,0.01558846453624318,0.006625097427903352,0.017439594699922057,0.027864380358534686,0.019388152766952455,0.017342166796570538,0.014419329696024942,0.028156664068589243,0.02377240841777085,0.014127045985970381,0.0047739672642244735,0.011691348402182385,0.02162899454403741,0.007112236944660951
ENST00000622660.1|ENSG00000187961.14|OTTHUMG00000040721.8|-|KLHL17-205|KLHL17|1950|UTR5:1-454|CDS:455-1132|UTR3:1133-1950|,0.00538737814263725,0.014494612621857363,0.014109799897383273,0.006541816316059518,0.01577732170343766,0.03040020523345305,0.016418676244227808,0.019753719856336584,0.014109799897383273,0.023601847101077475,0.024884556182657773,0.015135967162647512,0.00525910723447922,0.013724987172909184,0.022319138019497177,0.008081067213955875
ENST00000379409.6|ENSG00000187583.11|OTTHUMG00000040756.5|OTTHUMT00000473256.1|PLEKHN1-202|PLEKHN1|2455|UTR5:1-30|CDS:31-2022|UTR3:2023-2455|,0.005806845965770171,0.014058679706601468,0.02047677261613692,0.003667481662591687,0.019661776691116545,0.032905460472697635,0.01334555827220864,0.019967400162999183,0.016401792991035044,0.023736756316218417,0.02791361043194784,0.011511817440912795,0.002241238793806031,0.015077424612876936,0.0178280358598207,0.005399348003259983
ENST00000624697.4|ENSG00000187608.10|OTTHUMG00000040777.4|OTTHUMT00000479384.2|ISG15-202|ISG15|787|UTR5:1-251|CDS:252-725|UTR3:726-787|,0.012086513994910942,0.0111323155216285,0.02385496183206107,0.006679389312977099,0.01717557251908397,0.02194656488549618,0.015903307888040712,0.015267175572519083,0.021628498727735368,0.02544529262086514,0.02989821882951654,0.011450381679389313,0.0031806615776081423,0.011450381679389313,0.018765903307888042,0.004134860050890585
ENST00000624652.1|ENSG00000187608.10|OTTHUMG00000040777.4|OTTHUMT00000479385.2|ISG15-201|ISG15|657|UTR5:1-226|CDS:227-657|,0.009527439024390244,0.012195121951219513,0.022865853658536585,0.0064786585365853655,0.01753048780487805,0.022865853658536585,0.015625,0.01600609756097561,0.021722560975609755,0.024771341463414635,0.028963414634146343,0.012576219512195123,0.0019054878048780487,0.012195121951219513,0.020579268292682928,0.004192073170731708
ENST00000649529.1|ENSG00000187608.10|OTTHUMG00000040777.4|OTTHUMT00000501480.1|ISG15-203|ISG15|637|UTR5:1-77|CDS:78-575|UTR3:576-637|,0.01061320754716981,0.01218553459119497,0.023191823899371068,0.00589622641509434,0.020047169811320754,0.02358490566037736,0.014544025157232705,0.015723270440251572,0.018474842767295597,0.02830188679245283,0.02830188679245283,0.01179245283018868,0.0031446540880503146,0.009827044025157232,0.020440251572327043,0.003930817610062893
ENST00000453464.3|ENSG00000237330.3|OTTHUMG00000185582.2|OTTHUMT00000470774.2|RNF223-201|RNF223|1900|UTR5:1-300|CDS:301-1050|UTR3:1051-1900|,0.009478672985781991,0.013296471827277515,0.01803580832016851,0.005134281200631911,0.020668773038441286,0.035545023696682464,0.012374934175882044,0.018957345971563982,0.013033175355450236,0.02738283307003686,0.026197998946814113,0.009873617693522907,0.0028962611901000527,0.011321748288572932,0.019747235387045814,0.006055818852027383
ENST00000379339.5|ENSG00000131591.18|OTTHUMG00000000745.9|OTTHUMT00000001851.2|C1orf159-204|C1orf159|2429|UTR5:1-211|CDS:212-1354|UTR3:1355-2429|,0.007825370675453048,0.011738056013179572,0.01760708401976936,0.0055601317957166396,0.01904859967051071,0.035111202635914336,0.014312191103789127,0.019769357495881382,0.012664744645799012,0.025432454695222404,0.02656507413509061,0.011223228995057661,0.0031919275123558485,0.016062602965403624,0.01729818780889621,0.006589785831960461
ENST00000379325.7|ENSG00000131591.18|OTTHUMG00000000745.9|OTTHUMT00000335346.1|C1orf159-203|C1orf159|2010|UTR5:1-171|CDS:172-741|UTR3:742-2010|,0.008337481333997013,0.011946241911398706,0.01804380288700846,0.005226480836236934,0.01879044300647088,0.03409656545545047,0.015803882528621204,0.0195370831259333,0.013315082130413141,0.026381284221005476,0.027501244400199104,0.010701841712294675,0.003235440517670483,0.0156794425087108,0.016550522648083623,0.004853160776505724
ENST00000467751.5|ENSG00000131591.18|OTTHUMG00000000745.9|OTTHUMT00000002219.2|C1orf159-212|C1orf159|2099|UTR5:1-165|CDS:166-501|UTR3:502-2099|,0.00786463298379409,0.011916110581506196,0.01835081029551954,0.005123927550047664,0.01870829361296473,0.03419923736892278,0.015252621544327931,0.019899904671115347,0.013584366062917064,0.026453765490943755,0.027526215443279312,0.010724499523355576,0.003098188751191611,0.015610104861773118,0.017040038131553862,0.004647283126787417
ENST00000379320.5|ENSG00000131591.18|OTTHUMG00000000745.9|OTTHUMT00000001854.1|C1orf159-202|C1orf159|2324|UTR5:1-631|CDS:632-1666|UTR3:1667-2324|,0.006887645286267757,0.01248385708136031,0.015820060266896255,0.0059190701678863535,0.020985794231597073,0.04175634954799828,0.013237193284545846,0.020662935858803272,0.010546706844597502,0.02550581145071029,0.022815325010761944,0.009255273353422298,0.0027981058975462764,0.01689625484287559,0.016142918639690057,0.008286698235040895
ENST00000379319.5|ENSG00000131591.18|OTTHUMG00000000745.9|OTTHUMT00000002215.1|C1orf159-201|C1orf159|1097|UTR5:1-307|CDS:308-904|UTR3:905-1097|,0.008667883211678832,0.011177007299270073,0.016423357664233577,0.005930656934306569,0.01687956204379562,0.029425182481751824,0.0166514598540146,0.02144160583941606,0.011861313868613138,0.026231751824817517,0.02509124087591241,0.011633211678832116,0.005018248175182482,0.017563868613138685,0.016423357664233577,0.00958029197080292
ENST00000475119.5|ENSG00000131591.18|OTTHUMG00000000745.9|OTTHUMT00000002213.3|C1orf159-215|C1orf159|740|UTR5:1-481|CDS:482-740|,0.007780784844384303,0.009810554803788904,0.016238159675236806,0.004736129905277402,0.013870094722598106,0.02807848443843031,0.02131258457374831,0.018267929634641408,0.012855209742895805,0.030446549391069014,0.03349120433017591,0.012178619756427604,0.0040595399188092015,0.013193504736129905,0.017929634641407306,0.005751014884979702
ENST00000480643.1|ENSG00000131591.18|OTTHUMG00000000745.9|OTTHUMT00000327126.3|C1orf159-217|C1orf159|579|UTR5:1-535|CDS:536-579|,0.006487889273356401,0.009083044982698962,0.020761245674740483,0.006487889273356401,0.01773356401384083,0.026816608996539794,0.012975778546712802,0.022923875432525952,0.01384083044982699,0.02768166089965398,0.026384083044982697,0.010380622837370242,0.004757785467128028,0.016868512110726645,0.018166089965397925,0.00865051903114187
ENST00000379290.6|ENSG00000162571.14|OTTHUMG00000000851.6|OTTHUMT00000002421.4|TTLL10-203|TTLL10|2307|UTR5:1-196|CDS:197-2218|UTR3:2219-2307|,0.009106678230702514,0.016045099739809193,0.01886383347788378,0.005745880312228968,0.02233304423243712,0.03404163052905464,0.0146357328707719,0.01745446660884649,0.015503035559410233,0.026019080659150044,0.02536860364267129,0.0071552471812662615,0.002818733738074588,0.012359063313096271,0.015177797051170859,0.007372072853425846
ENST00000379289.6|ENSG00000162571.14|OTTHUMG00000000851.6|OTTHUMT00000530342.1|TTLL10-202|TTLL10|2288|UTR5:1-177|CDS:178-2199|UTR3:2200-2288|,0.009182334936598164,0.016069086139046788,0.018911237428946216,0.005793616090948841,0.02240926978574552,0.03421512898994316,0.014538696982947092,0.0174901617839965,0.015522518583296896,0.026125929164844776,0.025470048097944904,0.006886751202448623,0.0028421512898994315,0.012243113248797552,0.015085264538696982,0.007214691735898557
ENST00000673999.1|ENSG00000162571.14|OTTHUMG00000000851.6|OTTHUMT00000530344.1|TTLL10-208|TTLL10|568|UTR5:1-228|CDS:229-568|,0.006172839506172839,0.015873015873015872,0.019400352733686066,0.003968253968253968,0.023368606701940034,0.036155202821869487,0.014991181657848324,0.017195767195767195,0.01455026455026455,0.023809523809523808,0.0291005291005291,0.008818342151675485,0.0008818342151675485,0.016313932980599646,0.012786596119929453,0.006613756613756613
ENST00000379288.3|ENSG00000162571.14|OTTHUMG00000000851.6|OTTHUMT00000002420.2|TTLL10-201|TTLL10|2114|UTR5:1-177|CDS:178-1392|UTR3:1393-2114|,0.010530052058684335,0.015380974917179366,0.020113582584003788,0.005560814008518693,0.022243256034074774,0.029460482725982017,0.01171320397539044,0.017865593942262187,0.015026029342167534,0.02307146237576905,0.027212494084240417,0.010293421675343114,0.003786086133459536,0.013369616658778987,0.01656412683388547,0.007808802650260294
ENST00000379268.7|ENSG00000186891.14|OTTHUMG00000001414.5|OTTHUMT00000004083.3|TNFRSF18-203|TNFRSF18|1083|UTR5:1-21|CDS:22-747|UTR3:748-1083|,0.004852125693160813,0.012014787430683918,0.0166358595194085,0.003234750462107209,0.015480591497227357,0.030268022181146027,0.01756007393715342,0.018484288354898338,0.015480591497227357,0.027495378927911276,0.031423290203327174,0.014094269870609981,0.0011552680221811461,0.012014787430683918,0.02264325323475046,0.007162661737523105
ENST00000486728.5|ENSG00000186891.14|OTTHUMG00000001414.5|OTTHUMT00000099679.3|TNFRSF18-204|TNFRSF18|727|UTR5:1-217|CDS:218-727|,0.006887052341597796,0.012741046831955923,0.02066115702479339,0.0030991735537190084,0.01584022038567493,0.03133608815426997,0.012052341597796144,0.01962809917355372,0.01962809917355372,0.02169421487603306,0.030647382920110194,0.013429752066115703,0.0010330578512396695,0.013085399449035813,0.02203856749311295,0.006198347107438017
ENST00000379265.5|ENSG00000186891.14|OTTHUMG00000001414.5|OTTHUMT00000004084.1|TNFRSF18-202|TNFRSF18|705|CDS:1-705|,0.005326704545454545,0.013849431818181818,0.014204545454545454,0.0031960227272727275,0.014204545454545454,0.028053977272727272,0.020596590909090908,0.018821022727272728,0.015980113636363636,0.027698863636363636,0.030184659090909092,0.013849431818181818,0.001065340909090909,0.012073863636363636,0.022727272727272728,0.008167613636363636
ENST00000379236.4|ENSG00000186827.11|OTTHUMG00000001415.5|OTTHUMT00000004086.3|TNFRSF4-201|TNFRSF4|1075|UTR5:1-26|CDS:27-860|UTR3:861-1075|,0.006517690875232775,0.015595903165735567,0.016294227188081937,0.0034916201117318434,0.020018621973929236,0.03770949720670391,0.014664804469273743,0.019320297951582868,0.012802607076350093,0.029329608938547486,0.030027932960893854,0.009543761638733706,0.0025605214152700185,0.009078212290502794,0.020716945996275604,0.0023277467411545625
ENST00000660930.1|ENSG00000078808.19|OTTHUMG00000001812.7|-|SDF4-208|SDF4|2137|UTR5:1-329|CDS:330-1376|UTR3:1377-2137|,0.010767790262172285,0.013693820224719102,0.017322097378277154,0.007022471910112359,0.014630149812734082,0.028792134831460675,0.020131086142322098,0.016034644194756555,0.020482209737827717,0.023642322097378276,0.024812734082397005,0.010767790262172285,0.0029260299625468167,0.013576779026217229,0.017322097378277154,0.008075842696629214
ENST00000465727.5|ENSG00000078808.19|OTTHUMG00000001812.7|OTTHUMT00000005065.3|SDF4-205|SDF4|2095|UTR5:1-293|CDS:294-1058|UTR3:1059-2095|,0.010983763132760267,0.013729703915950334,0.017311365807067814,0.0070439350525310414,0.014923591212989494,0.029011461318051577,0.019937917860553964,0.016356255969436486,0.02029608404966571,0.023758357211079273,0.0247134670487106,0.01062559694364852,0.0029847182425978987,0.013729703915950334,0.017311365807067814,0.007282712511938873
ENST00000403997.2|ENSG00000078808.19|OTTHUMG00000001812.7|OTTHUMT00000005069.2|SDF4-203|SDF4|728|CDS:1-728|,0.011004126547455296,0.015474552957359009,0.023039889958734527,0.007565337001375516,0.0171939477303989,0.01925722145804677,0.015130674002751032,0.015130674002751032,0.026822558459422285,0.018569463548830812,0.027166437414030263,0.011348005502063274,0.002407152682255846,0.013411279229711142,0.018225584594222834,0.008253094910591471
ENST00000330388.2|ENSG00000184163.3|OTTHUMG00000001412.6|OTTHUMT00000004080.4|C1QTNF12-201|C1QTNF12|1036|UTR5:1-32|CDS:33-941|UTR3:942-1036|,0.004589371980676328,0.010144927536231883,0.01714975845410628,0.0036231884057971015,0.01642512077294686,0.02826086956521739,0.020531400966183576,0.02004830917874396,0.013043478260869565,0.03067632850241546,0.0321256038647343,0.011835748792270532,0.0014492753623188406,0.01618357487922705,0.017874396135265702,0.006038647342995169
ENST00000400929.6|ENSG00000160087.21|OTTHUMG00000001911.9|OTTHUMT00000365645.1|UBE2J2-204|UBE2J2|1057|UTR5:1-215|CDS:216-839|UTR3:840-1057|,0.013494318181818182,0.015151515151515152,0.018229166666666668,0.007102272727272727,0.01775568181818182,0.022964015151515152,0.016571969696969696,0.015625,0.01680871212121212,0.022727272727272728,0.025804924242424244,0.01065340909090909,0.005918560606060606,0.012073863636363636,0.015388257575757576,0.013731060606060606
ENST00000400930.8|ENSG00000160087.21|OTTHUMG00000001911.9|OTTHUMT00000365644.1|UBE2J2-205|UBE2J2|1021|UTR5:1-168|CDS:169-996|UTR3:997-1021|,0.0125,0.014215686274509804,0.019362745098039216,0.008823529411764706,0.01715686274509804,0.022549019607843137,0.016666666666666666,0.015931372549019607,0.017892156862745097,0.021323529411764706,0.02303921568627451,0.010784313725490196,0.007107843137254902,0.014215686274509804,0.014215686274509804,0.014215686274509804
ENST00000473215.5|ENSG00000160087.21|OTTHUMG00000001911.9|OTTHUMT00000005432.2|UBE2J2-214|UBE2J2|1028|UTR5:1-184|CDS:185-319|UTR3:320-1028|,0.012171372930866602,0.013875365141187927,0.01679649464459591,0.008519961051606621,0.01679649464459591,0.02629016553067186,0.01777020447906524,0.017039922103213243,0.016553067185978577,0.023369036027263874,0.023125608568646542,0.009980525803310613,0.006085686465433301,0.014118792599805257,0.015335929892891918,0.012171372930866602
ENST00000435198.5|ENSG00000160087.21|OTTHUMG00000001911.9|OTTHUMT00000005791.2|UBE2J2-207|UBE2J2|1056|UTR5:1-468|CDS:469-1056|,0.01018957345971564,0.013270142180094787,0.016824644549763033,0.007582938388625593,0.014454976303317536,0.027014218009478674,0.02156398104265403,0.016113744075829384,0.017298578199052134,0.024170616113744076,0.025592417061611375,0.00995260663507109,0.005924170616113744,0.014691943127962086,0.013033175355450236,0.012322274881516588
ENST00000509720.5|ENSG00000160087.21|OTTHUMG00000001911.9|OTTHUMT00000365648.3|UBE2J2-220|UBE2J2|472|UTR5:1-291|CDS:292-472|,0.01326963906581741,0.013800424628450107,0.018046709129511677,0.007961783439490446,0.013800424628450107,0.021231422505307854,0.020169851380042462,0.014861995753715499,0.019639065817409766,0.022823779193205943,0.025477707006369428,0.011146496815286623,0.006369426751592357,0.012738853503184714,0.014861995753715499,0.013800424628450107
ENST00000503294.5|ENSG00000160087.21|OTTHUMG00000001911.9|OTTHUMT00000365647.1|UBE2J2-219|UBE2J2|814|UTR5:1-168|CDS:169-303|UTR3:304-814|,0.007687576875768758,0.01107011070110701,0.015682656826568265,0.01107011070110701,0.016912669126691267,0.028290282902829027,0.016605166051660517,0.01783517835178352,0.014145141451414513,0.024907749077490774,0.025522755227552277,0.01076260762607626,0.006457564575645757,0.015375153751537515,0.017527675276752766,0.01014760147601476
ENST00000477894.5|ENSG00000160087.21|OTTHUMG00000001911.9|OTTHUMT00000005435.2|UBE2J2-215|UBE2J2|767|UTR5:1-189|CDS:190-492|UTR3:493-767|,0.00881201044386423,0.011422976501305483,0.016971279373368148,0.012075718015665796,0.015992167101827676,0.025130548302872063,0.01762402088772846,0.015013054830287207,0.015992167101827676,0.022193211488250653,0.023825065274151437,0.013054830287206266,0.008485639686684074,0.015013054830287207,0.01664490861618799,0.01174934725848564
ENST00000422076.5|ENSG00000160087.21|OTTHUMG00000001911.9|OTTHUMT00000277160.3|UBE2J2-206|UBE2J2|643|UTR5:1-339|CDS:340-643|,0.007398753894080997,0.009345794392523364,0.01557632398753894,0.008177570093457943,0.011682242990654205,0.03115264797507788,0.02570093457943925,0.017523364485981307,0.01557632398753894,0.03115264797507788,0.0264797507788162,0.007009345794392523,0.006230529595015576,0.01440809968847352,0.012071651090342679,0.010514018691588784
ENST00000400928.7|ENSG00000162572.21|OTTHUMG00000002081.8|-|SCNN1D-206|SCNN1D|2731|UTR5:1-395|CDS:396-2312|UTR3:2313-2731|,0.004120879120879121,0.01565934065934066,0.017582417582417582,0.00467032967032967,0.022161172161172162,0.03076923076923077,0.013553113553113554,0.02206959706959707,0.012637362637362638,0.026556776556776556,0.027655677655677655,0.010805860805860806,0.003021978021978022,0.015567765567765568,0.018956043956043955,0.004212454212454212
ENST00000325425.12|ENSG00000162572.21|OTTHUMG00000002081.8|OTTHUMT00000005800.2|SCNN1D-201|SCNN1D|2679|UTR5:1-150|CDS:151-2265|UTR3:2266-2679|,0.0048543689320388345,0.015403286034353996,0.018483943241224796,0.004667662434652726,0.022778192681105303,0.0299663928304705,0.013536221060492905,0.022031366691560868,0.012976101568334578,0.027352501867064973,0.026605675877520538,0.010175504107542942,0.0028005974607916355,0.01568334578043316,0.01839058999253174,0.004294249439880508
ENST00000379031.10|ENSG00000169972.12|OTTHUMG00000003361.4|OTTHUMT00000009438.2|PUSL1-201|PUSL1|1257|UTR5:1-47|CDS:48-959|UTR3:960-1257|,0.006369426751592357,0.01592356687898089,0.01751592356687898,0.004179936305732484,0.020302547770700636,0.03105095541401274,0.01771496815286624,0.018312101910828025,0.012539808917197453,0.026871019108280256,0.023686305732484078,0.012738853503184714,0.004777070063694267,0.013535031847133758,0.016918789808917197,0.007563694267515924
ENST00000618806.4|ENSG00000127054.21|OTTHUMG00000003330.13|-|INTS11-249|INTS11|1523|UTR5:1-79|CDS:80-1249|UTR3:1250-1523|,0.010183968462549276,0.016590013140604466,0.018561103810775297,0.007720105124835742,0.022174770039421813,0.02431011826544021,0.011498028909329829,0.02086070959264126,0.017082785808147174,0.022996057818659658,0.022010512483574246,0.00985545335085414,0.0034494086727989487,0.015111695137976347,0.01987516425755585,0.007720105124835742
ENST00000435064.6|ENSG00000127054.21|OTTHUMG00000003330.13|OTTHUMT00000009360.2|INTS11-208|INTS11|2114|UTR5:1-52|CDS:53-1855|UTR3:1856-2114|,0.010175106483672503,0.015499290108849977,0.019758637008991956,0.008400378608613345,0.021533364884051113,0.023899668717463324,0.012068149550402271,0.019522006625650734,0.01857548509228585,0.02354472314245149,0.022479886417415995,0.010175106483672503,0.003667770941788926,0.01407950780880265,0.020350212967345006,0.006270705158542357
ENST00000411962.5|ENSG00000127054.21|OTTHUMG00000003330.13|OTTHUMT00000009370.2|INTS11-202|INTS11|1832|UTR5:1-65|CDS:66-1574|UTR3:1575-1832|,0.009830693610049153,0.014199890770071,0.020617149098853087,0.007509557618787548,0.0212998361551065,0.024167121791370837,0.012288367012561441,0.019115237575095576,0.01788640087383943,0.024713271436373568,0.023211359912616056,0.011059530311305297,0.0031403604587657017,0.01379027853631895,0.02089022392135445,0.006280720917531403
ENST00000419704.5|ENSG00000127054.21|OTTHUMG00000003330.13|OTTHUMT00000009368.2|INTS11-203|INTS11|1798|UTR5:1-45|CDS:46-1545|UTR3:1546-1798|,0.010155815247634948,0.014190317195325543,0.020450751252086813,0.008208124652198109,0.02100723427935448,0.022815804117974403,0.012520868113522538,0.01905954368391764,0.018503060656649972,0.024902615470228158,0.02337228714524207,0.010712298274902615,0.003199777406789093,0.013633834168057874,0.021146355036171398,0.006121313299944352
ENST00000532772.5|ENSG00000127054.21|OTTHUMG00000003330.13|OTTHUMT00000382934.1|INTS11-243|INTS11|1618|UTR5:1-20|CDS:21-161|UTR3:162-1618|,0.01004947433518862,0.01406926406926407,0.02025355596784168,0.007575757575757576,0.021181199752628325,0.02365491651205937,0.012677798392084107,0.01963512677798392,0.01855287569573284,0.025664811379097093,0.023191094619666047,0.01020408163265306,0.0021645021645021645,0.013760049474335189,0.021490414347557205,0.005875077303648732
ENST00000527098.5|ENSG00000127054.21|OTTHUMG00000003330.13|OTTHUMT00000099681.3|INTS11-233|INTS11|2004|UTR5:1-58|CDS:59-337|UTR3:338-2004|,0.009236145781328009,0.015726410384423364,0.018971542685971045,0.008986520219670495,0.021592611083374937,0.0245881178232651,0.013354967548676985,0.0190963554667998,0.01872191712431353,0.023839241138292562,0.022840738891662507,0.009735396904643036,0.003369945082376435,0.014478282576135796,0.019845232151772342,0.005616575137294059
ENST00000531377.5|ENSG00000127054.21|OTTHUMG00000003330.13|OTTHUMT00000383033.1|INTS11-242|INTS11|816|CDS:1-165|UTR3:166-816|,0.013190184049079755,0.01441717791411043,0.023006134969325152,0.010122699386503068,0.022392638036809815,0.018098159509202454,0.013190184049079755,0.013803680981595092,0.02147239263803681,0.022699386503067485,0.022699386503067485,0.012269938650306749,0.003374233128834356,0.012576687116564417,0.020245398773006136,0.006441717791411043
ENST00000527383.5|ENSG00000127054.21|OTTHUMG00000003330.13|OTTHUMT00000383034.1|INTS11-234|INTS11|668|CDS:1-104|UTR3:105-668|,0.012743628185907047,0.015367316341829085,0.01911544227886057,0.008995502248875561,0.020239880059970013,0.020614692653673165,0.01424287856071964,0.017241379310344827,0.019490254872563718,0.022488755622188907,0.022113943028485756,0.011619190404797601,0.0037481259370314842,0.013868065967016492,0.020239880059970013,0.007871064467766116
ENST00000434694.6|ENSG00000127054.21|OTTHUMG00000003330.13|OTTHUMT00000009376.4|INTS11-207|INTS11|1056|UTR5:1-22|CDS:23-1056|,0.008530805687203791,0.01966824644549763,0.017061611374407582,0.008056872037914692,0.02227488151658768,0.027488151658767772,0.013744075829383886,0.018246445497630333,0.01943127962085308,0.01966824644549763,0.022037914691943127,0.00995260663507109,0.0033175355450236967,0.014928909952606635,0.01800947867298578,0.007582938388625593
ENST00000526332.5|ENSG00000127054.21|OTTHUMG00000003330.13|OTTHUMT00000383039.2|INTS11-230|INTS11|579|UTR5:1-252|CDS:253-579|,0.007785467128027681,0.01903114186851211,0.019463667820069204,0.010380622837370242,0.02162629757785467,0.025086505190311418,0.014273356401384083,0.01643598615916955,0.021193771626297576,0.019463667820069204,0.02162629757785467,0.010813148788927335,0.006055363321799308,0.01384083044982699,0.01773356401384083,0.005190311418685121
ENST00000430786.5|ENSG00000127054.21|OTTHUMG00000003330.13|OTTHUMT00000009372.2|INTS11-206|INTS11|849|UTR5:1-17|CDS:18-323|UTR3:324-849|,0.006780660377358491,0.018278301886792452,0.015330188679245283,0.011202830188679245,0.02122641509433962,0.026238207547169812,0.011497641509433961,0.019162735849056603,0.01857311320754717,0.019162735849056603,0.02358490566037736,0.010908018867924528,0.0050117924528301884,0.01474056603773585,0.02152122641509434,0.006780660377358491
ENST00000527719.5|ENSG00000127054.21|OTTHUMG00000003330.13|OTTHUMT00000383040.2|INTS11-235|INTS11|750|UTR5:1-122|CDS:123-750|,0.007009345794392523,0.017022696929238985,0.01602136181575434,0.011682242990654205,0.02069425901201602,0.02369826435246996,0.012349799732977304,0.019025367156208277,0.018691588785046728,0.02102803738317757,0.02403204272363151,0.010680907877169559,0.0053404539385847796,0.014018691588785047,0.021695594125500667,0.007009345794392523
ENST00000429572.5|ENSG00000127054.21|OTTHUMG00000003330.13|OTTHUMT00000009375.5|INTS11-205|INTS11|1104|UTR5:1-58|CDS:59-928|UTR3:929-1104|,0.008839528558476882,0.015412511332728921,0.016772438803263828,0.010879419764279238,0.019945602901178604,0.022212148685403447,0.011559383499546692,0.017225747960108794,0.017452402538531277,0.018812330009066184,0.02742520398912058,0.011786038077969175,0.005666364460562103,0.014505893019038985,0.019492293744333637,0.01201269265639166
ENST00000531019.5|ENSG00000127054.21|OTTHUMG00000003330.13|OTTHUMT00000383045.1|INTS11-239|INTS11|549|UTR5:1-52|CDS:53-223|UTR3:224-549|,0.006386861313868613,0.017791970802919707,0.012773722627737226,0.010948905109489052,0.020072992700729927,0.03193430656934307,0.012317518248175183,0.02052919708029197,0.017335766423357664,0.02144160583941606,0.026003649635036496,0.007755474452554745,0.004562043795620438,0.013686131386861315,0.020985401459854013,0.005474452554744526
ENST00000498476.6|ENSG00000127054.21|OTTHUMG00000003330.13|OTTHUMT00000383046.2|INTS11-224|INTS11|554|UTR5:1-52|CDS:53-554|,0.003616636528028933,0.01763110307414105,0.011301989150090416,0.010397830018083183,0.019891500904159132,0.028933092224231464,0.013110307414104882,0.020795660036166366,0.0162748643761302,0.020795660036166366,0.028933092224231464,0.009945750452079566,0.0031645569620253164,0.015822784810126583,0.022151898734177215,0.007233273056057866
ENST00000470679.3|ENSG00000127054.21|OTTHUMG00000003330.13|OTTHUMT00000099682.3|INTS11-215|INTS11|584|CDS:1-166|UTR3:167-584|,0.007289879931389366,0.016295025728987993,0.015437392795883362,0.008576329331046312,0.01843910806174957,0.028730703259005147,0.008147512864493996,0.021012006861063463,0.018010291595197257,0.01972555746140652,0.028730703259005147,0.010291595197255575,0.0038593481989708405,0.012006861063464836,0.02444253859348199,0.009005145797598629
ENST00000525285.1|ENSG00000127054.21|OTTHUMG00000003330.13|OTTHUMT00000383047.1|INTS11-226|INTS11|579|CDS:1-194|UTR3:195-579|,0.005622837370242215,0.014273356401384083,0.009083044982698962,0.010813148788927335,0.01903114186851211,0.03330449826989619,0.009083044982698962,0.024653979238754325,0.012110726643598616,0.019463667820069204,0.02249134948096886,0.011678200692041523,0.0025951557093425604,0.01903114186851211,0.025086505190311418,0.011678200692041523
ENST00000343938.9|ENSG00000224051.7|OTTHUMG00000003171.4|OTTHUMT00000008742.2|CPTP-201|CPTP|2154|UTR5:1-376|CDS:377-1021|UTR3:1022-2154|,0.007083139804923363,0.012772875058058523,0.019391546679052483,0.0041802136553646075,0.019623780771017185,0.035531816070599166,0.015675801207617277,0.018810961449140733,0.013934045517882025,0.0268230376219229,0.026474686483975846,0.01103111936832327,0.0029029261495587553,0.014514630747793775,0.01660473757547608,0.004644681839294009
ENST00000632445.1|ENSG00000107404.20|OTTHUMG00000003069.5|OTTHUMT00000487904.1|DVL1-206|DVL1|785|CDS:1-654|UTR3:655-785|,0.006377551020408163,0.016581632653061226,0.018176020408163265,0.00510204081632653,0.01913265306122449,0.02806122448979592,0.020089285714285716,0.018494897959183673,0.015625,0.0274234693877551,0.026785714285714284,0.010522959183673469,0.0047831632653061226,0.01403061224489796,0.015306122448979591,0.00350765306122449
ENST00000631679.1|ENSG00000107404.20|OTTHUMG00000003069.5|OTTHUMT00000487901.1|DVL1-205|DVL1|778|CDS:1-756|UTR3:757-778|,0.006756756756756757,0.01833976833976834,0.016087516087516088,0.006756756756756757,0.01866151866151866,0.027670527670527672,0.018983268983268985,0.01833976833976834,0.018018018018018018,0.02541827541827542,0.023809523809523808,0.010296010296010296,0.0045045045045045045,0.012226512226512226,0.01866151866151866,0.0054697554697554695
ENST00000309212.11|ENSG00000162576.17|OTTHUMG00000002973.5|OTTHUMT00000008282.2|MXRA8-201|MXRA8|2293|UTR5:1-51|CDS:52-1380|UTR3:1381-2293|,0.005780977312390925,0.015270506108202443,0.013089005235602094,0.005017452006980803,0.01592495636998255,0.030650087260034903,0.01712478184991274,0.023778359511343803,0.0137434554973822,0.02737783595113438,0.02737783595113438,0.009271378708551483,0.003817626527050611,0.014179755671902269,0.02006980802792321,0.007526178010471204
ENST00000445648.5|ENSG00000162576.17|OTTHUMG00000002973.5|OTTHUMT00000008475.1|MXRA8-203|MXRA8|2001|UTR5:1-39|CDS:40-1392|UTR3:1393-2001|,0.0055,0.016125,0.013125,0.0045,0.015625,0.0295,0.0185,0.023625,0.01425,0.0275,0.026875,0.00975,0.00375,0.014125,0.019875,0.007375
ENST00000338370.7|ENSG00000175756.13|OTTHUMG00000001413.3|OTTHUMT00000008273.1|AURKAIP1-203|AURKAIP1|1072|UTR5:1-401|CDS:402-1001|UTR3:1002-1072|,0.01027077497665733,0.008636788048552755,0.019374416433239963,0.004668534080298786,0.011671335200746966,0.028711484593837534,0.021475256769374416,0.015873015873015872,0.018207282913165267,0.028011204481792718,0.035480859010270774,0.01050420168067227,0.0028011204481792717,0.012138188608776844,0.015873015873015872,0.0063025210084033615
ENST00000338338.9|ENSG00000175756.13|OTTHUMG00000001413.3|OTTHUMT00000004082.2|AURKAIP1-202|AURKAIP1|1047|UTR5:1-376|CDS:377-976|UTR3:977-1047|,0.011950286806883365,0.00979923518164436,0.017925430210325048,0.007170172084130019,0.011472275334608031,0.029636711281070746,0.02055449330783939,0.015296367112810707,0.019359464627151053,0.026051625239005737,0.03202676864244742,0.00979923518164436,0.0040630975143403445,0.011472275334608031,0.016491395793499043,0.006931166347992352
ENST00000321751.9|ENSG00000175756.13|OTTHUMG00000001413.3|OTTHUMT00000008277.1|AURKAIP1-201|AURKAIP1|798|UTR5:1-129|CDS:130-729|UTR3:730-798|,0.010978670012547051,0.007841907151819323,0.02132998745294856,0.005959849435382685,0.013174404015056462,0.02917189460476788,0.0185069008782936,0.016938519447929738,0.0185069008782936,0.028230865746549563,0.03230865746549561,0.009410288582183186,0.003450439146800502,0.012547051442910916,0.01631116687578419,0.00533249686323714
ENST00000482621.5|ENSG00000221978.12|OTTHUMG00000002917.7|OTTHUMT00000008150.4|CCNL2-215|CCNL2|2059|CDS:1-139|UTR3:140-2059|,0.0184645286686103,0.012147716229348883,0.020165208940719145,0.01032555879494655,0.015913508260447035,0.019436345966958212,0.011540330417881437,0.01761418853255588,0.018100097181729835,0.017735665694849367,0.019800777453838677,0.014091350826044704,0.008503401360544218,0.015184645286686104,0.018221574344023325,0.012755102040816327
ENST00000408952.8|ENSG00000221978.12|OTTHUMG00000002917.7|-|CCNL2-203|CCNL2|1857|UTR5:1-85|CDS:86-1129|UTR3:1130-1857|,0.016433189655172414,0.011314655172413793,0.01953125,0.010237068965517241,0.015625,0.020474137931034482,0.011584051724137932,0.017645474137931036,0.017510775862068964,0.01912715517241379,0.021282327586206896,0.013873922413793104,0.0078125,0.014547413793103448,0.01939655172413793,0.013604525862068966
ENST00000481223.6|ENSG00000221978.12|OTTHUMG00000002917.7|OTTHUMT00000008149.3|CCNL2-213|CCNL2|2815|UTR5:1-5|CDS:6-716|UTR3:717-2815|,0.015103056147832267,0.011105188343994314,0.020433546552949537,0.009772565742714996,0.016435678749111584,0.01990049751243781,0.012348969438521677,0.01732409381663113,0.017235252309879174,0.01945628997867804,0.020966595593461264,0.013503909026297086,0.007551528073916134,0.01554726368159204,0.017412935323383085,0.015902629708599857
ENST00000488340.5|ENSG00000221978.12|OTTHUMG00000002917.7|OTTHUMT00000158323.2|CCNL2-216|CCNL2|1598|UTR5:1-22|CDS:23-706|UTR3:707-1598|,0.01643706950532248,0.011584220413274891,0.02144646211646838,0.008922980588603632,0.017376330619912336,0.02144646211646838,0.01612398246712586,0.014871634314339386,0.01862867877269881,0.020663744520976832,0.02363807138384471,0.012993112085159674,0.005948653725735754,0.01612398246712586,0.014715090795241076,0.009079524107701941
ENST00000425598.2|ENSG00000221978.12|OTTHUMG00000002917.7|OTTHUMT00000367143.1|CCNL2-205|CCNL2|661|UTR5:1-19|CDS:20-562|UTR3:563-661|,0.0125,0.011363636363636364,0.015909090909090907,0.010606060606060607,0.016666666666666666,0.020454545454545454,0.020075757575757577,0.015151515151515152,0.014393939393939395,0.024242424242424242,0.026136363636363635,0.014015151515151515,0.006818181818181818,0.01628787878787879,0.01628787878787879,0.00909090909090909
ENST00000497013.1|ENSG00000221978.12|OTTHUMG00000002917.7|OTTHUMT00000099685.3|CCNL2-219|CCNL2|548|UTR5:1-291|CDS:292-548|,0.014625228519195612,0.012797074954296161,0.015996343692870202,0.009597806215722121,0.012797074954296161,0.030621572212065813,0.018281535648994516,0.01416819012797075,0.01736745886654479,0.019652650822669104,0.01736745886654479,0.013711151736745886,0.008226691042047532,0.012797074954296161,0.015996343692870202,0.015996343692870202
ENST00000344843.12|ENSG00000242485.6|OTTHUMG00000002916.4|OTTHUMT00000008139.2|MRPL20-201|MRPL20|700|UTR5:1-76|CDS:77-526|UTR3:527-700|,0.017167381974248927,0.013233190271816882,0.01859799713876967,0.012875536480686695,0.016452074391988557,0.013948497854077254,0.011444921316165951,0.016452074391988557,0.02074391988555079,0.018955650929899856,0.019313304721030045,0.011444921316165951,0.0075107296137339056,0.012160228898426323,0.021101573676680974,0.01859799713876967
ENST00000492508.1|ENSG00000242485.6|OTTHUMG00000002916.4|OTTHUMT00000008145.3|MRPL20-205|MRPL20|588|CDS:1-201|UTR3:202-588|,0.013202725724020443,0.01192504258943782,0.0217206132879046,0.009795570698466781,0.020868824531516183,0.02385008517887564,0.007666098807495741,0.018739352640545145,0.01575809199318569,0.01746166950596252,0.01746166950596252,0.013628620102214651,0.0068143100511073255,0.01746166950596252,0.01746166950596252,0.016183986371379896
ENST00000537107.6|ENSG00000235098.9|OTTHUMG00000002911.4|-|ANKRD65-205|ANKRD65|2024|UTR5:1-144|CDS:145-1344|UTR3:1345-2024|,0.00865051903114187,0.011616411270390509,0.019278299555116164,0.005313890261987148,0.015818091942659415,0.024715768660405337,0.016188828472565496,0.019525457241720216,0.016683143845773605,0.030771131982204648,0.03361344537815126,0.008032624814631736,0.0037073652990608007,0.009144834404349975,0.020019772614928325,0.006920415224913495
ENST00000520296.5|ENSG00000235098.9|OTTHUMG00000002911.4|OTTHUMT00000374565.1|ANKRD65-204|ANKRD65|1632|UTR5:1-312|CDS:313-510|UTR3:511-1632|,0.011802575107296138,0.011802575107296138,0.023758430410790926,0.006591048436541999,0.01870018393623544,0.02559779276517474,0.007357449417535254,0.019313304721030045,0.01870018393623544,0.023451870018393623,0.029123237277743717,0.00950337216431637,0.004904966278356836,0.009963212752912324,0.020539546290619253,0.008890251379521767
ENST00000427211.3|ENSG00000235098.9|OTTHUMG00000002911.4|OTTHUMT00000008131.3|ANKRD65-201|ANKRD65|1976|UTR5:1-637|CDS:638-1162|UTR3:1163-1976|,0.011012658227848101,0.011139240506329114,0.02341772151898734,0.006329113924050633,0.01848101265822785,0.026835443037974683,0.007215189873417721,0.0189873417721519,0.01810126582278481,0.02291139240506329,0.03050632911392405,0.010126582278481013,0.004430379746835443,0.010632911392405063,0.02050632911392405,0.009367088607594937
ENST00000442470.1|ENSG00000235098.9|OTTHUMG00000002911.4|OTTHUMT00000008132.2|ANKRD65-202|ANKRD65|876|UTR5:1-255|CDS:256-780|UTR3:781-876|,0.006285714285714286,0.012571428571428572,0.024285714285714285,0.004,0.018285714285714287,0.028857142857142856,0.008857142857142857,0.019428571428571427,0.02,0.026285714285714287,0.037142857142857144,0.008571428571428572,0.0025714285714285713,0.007714285714285714,0.021714285714285714,0.0034285714285714284
ENST00000378821.3|ENSG00000205116.3|OTTHUMG00000153395.3|OTTHUMT00000331012.3|TMEM88B-201|TMEM88B|492|CDS:1-492|,0.0005091649694501018,0.008655804480651732,0.010183299389002037,0.002036659877800407,0.007637474541751527,0.04378818737270876,0.028513238289205704,0.023421588594704685,0.012219959266802444,0.035641547861507125,0.028513238289205704,0.010183299389002037,0.0010183299389002036,0.015274949083503055,0.019348268839103868,0.003054989816700611
ENST00000338660.5|ENSG00000179403.12|OTTHUMG00000002975.6|OTTHUMT00000008292.2|VWA1-201|VWA1|2147|UTR5:1-226|CDS:227-421|UTR3:422-2147|,0.004426840633737186,0.011300093196644921,0.016309412861136997,0.003727865796831314,0.015144454799627213,0.03494874184529357,0.02516309412861137,0.016309412861136997,0.01374650512581547,0.03308480894687791,0.0309878844361603,0.010368126747437091,0.00244641192917055,0.01223205964585275,0.015843429636533086,0.0039608574091332715
ENST00000308647.8|ENSG00000160072.20|OTTHUMG00000000577.6|-|ATAD3B-201|ATAD3B|2114|UTR5:1-101|CDS:102-995|UTR3:996-2114|,0.008282063416942735,0.012659725508755324,0.01869380028395646,0.006270705158542357,0.01810222432560341,0.024964505442498817,0.0169190724088973,0.01668244202555608,0.01609086606720303,0.027212494084240417,0.031116895409370564,0.011476573592049219,0.003431140558447705,0.011831519167061051,0.019167061050638902,0.00709891150023663
ENST00000378755.9|ENSG00000197785.14|OTTHUMG00000000575.7|OTTHUMT00000001365.1|ATAD3A-202|ATAD3A|2612|UTR5:1-94|CDS:95-1999|UTR3:2000-2612|,0.008234392952891613,0.011872845653006512,0.022022213711221754,0.006415166602834164,0.019054002297970125,0.024320183837610112,0.017043278437380315,0.015224052087322864,0.018479509766373036,0.028916124090386824,0.029490616621983913,0.01062811183454615,0.0027767139027192645,0.01053236307927997,0.018958253542703946,0.006032171581769437
ENST00000536055.6|ENSG00000197785.14|OTTHUMG00000000575.7|OTTHUMT00000001364.2|ATAD3A-207|ATAD3A|2330|UTR5:1-193|CDS:194-1717|UTR3:1718-2330|,0.00794332331472735,0.012344353799914127,0.022219836839845426,0.006762559038213826,0.01942893945899528,0.025547445255474453,0.015349935594675826,0.01567196221554315,0.019214255045083728,0.026620867325032202,0.02844568484328038,0.010626878488621726,0.00279089738085015,0.011485616144267926,0.018784886217260627,0.006762559038213826
ENST00000425828.1|ENSG00000205090.9|OTTHUMG00000042193.4|-|TMEM240-202|TMEM240|717|UTR5:1-43|CDS:44-565|UTR3:566-717|,0.006284916201117319,0.017458100558659217,0.011871508379888268,0.00803072625698324,0.015013966480446927,0.023743016759776536,0.022695530726256984,0.016410614525139665,0.018156424581005588,0.02723463687150838,0.031075418994413406,0.011522346368715084,0.003840782122905028,0.009427374301675978,0.022695530726256984,0.004539106145251397
ENST00000422725.4|ENSG00000228594.4|OTTHUMG00000154864.5|OTTHUMT00000337408.5|FNDC10-201|FNDC10|2124|UTR5:1-120|CDS:121-801|UTR3:802-2124|,0.0034149788035798398,0.011069241639189827,0.012835609985869053,0.004945831370701837,0.015544041450777202,0.038624587847385775,0.023198304286387188,0.02025435704192181,0.010598210080075365,0.03556288271314178,0.023433820065944418,0.009656146961846444,0.002826189354686764,0.012364578426754593,0.019665567593028732,0.006005652378709373
ENST00000514363.1|ENSG00000197530.12|OTTHUMG00000074647.10|OTTHUMT00000365939.1|MIB2-230|MIB2|592|UTR5:1-101|CDS:102-446|UTR3:447-592|,0.0071912013536379014,0.012690355329949238,0.01903553299492386,0.005922165820642978,0.018189509306260575,0.02961082910321489,0.01903553299492386,0.015651438240270727,0.01692047377326565,0.02707275803722504,0.031302876480541454,0.011844331641285956,0.0025380710659898475,0.01311336717428088,0.017766497461928935,0.0021150592216582064
ENST00000502470.5|ENSG00000197530.12|OTTHUMG00000074647.10|OTTHUMT00000365937.1|MIB2-215|MIB2|780|UTR5:1-343|CDS:344-598|UTR3:599-780|,0.0054557124518613605,0.01540436456996149,0.015725288831835688,0.002888318356867779,0.01797175866495507,0.025673940949935817,0.0279204107830552,0.012836970474967908,0.0137997432605905,0.034338896020539154,0.03594351732991014,0.012195121951219513,0.0019255455712451862,0.009306803594351733,0.01668806161745828,0.0019255455712451862
ENST00000378712.5|ENSG00000197530.12|OTTHUMG00000074647.10|OTTHUMT00000158407.1|MIB2-203|MIB2|2890|UTR5:1-325|CDS:326-2587|UTR3:2588-2890|,0.006836275527864313,0.014710972654897889,0.01670128071997231,0.004326756663205262,0.018345448251990307,0.02596053997923157,0.023624091381100727,0.014970578054690204,0.01523018345448252,0.03210453444098304,0.03046036690896504,0.012114918656974732,0.002163378331602631,0.010124610591900311,0.019124264451367255,0.0032017999307718936
ENST00000506488.5|ENSG00000197530.12|OTTHUMG00000074647.10|OTTHUMT00000365935.1|MIB2-220|MIB2|2997|UTR5:1-161|CDS:162-1349|UTR3:1350-2997|,0.007092790387182911,0.014686248331108143,0.016772363150867824,0.004255674232309746,0.018441255006675566,0.02570093457943925,0.020944592790387184,0.015854472630173564,0.014853137516688918,0.031291722296395194,0.030290387182910546,0.013434579439252336,0.0024198931909212283,0.009345794392523364,0.02186248331108144,0.002753671562082777
ENST00000514234.5|ENSG00000197530.12|OTTHUMG00000074647.10|OTTHUMT00000365933.1|MIB2-229|MIB2|2562|CDS:1-2488|UTR3:2489-2562|,0.007614213197969543,0.014349863334634907,0.016692698164779383,0.004392815306520891,0.017766497461928935,0.025966419367434594,0.02225693088637251,0.015814135103475204,0.015228426395939087,0.03153065208902772,0.029285435376805936,0.012885591565794611,0.0024404529480671613,0.009859429910191331,0.020792659117532215,0.0031237797735259665
ENST00000486072.1|ENSG00000197530.12|OTTHUMG00000074647.10|OTTHUMT00000158412.2|MIB2-212|MIB2|568|CDS:1-174|UTR3:175-568|,0.0030864197530864196,0.014991181657848324,0.01455026455026455,0.0030864197530864196,0.019400352733686066,0.02601410934744268,0.016313932980599646,0.021604938271604937,0.011904761904761904,0.02601410934744268,0.03350970017636684,0.014109347442680775,0.0013227513227513227,0.01675485008818342,0.02072310405643739,0.006613756613756613
ENST00000483015.1|ENSG00000197530.12|OTTHUMG00000074647.10|OTTHUMT00000158415.2|MIB2-211|MIB2|1058|CDS:1-999|UTR3:1000-1058|,0.004493850520340586,0.009933774834437087,0.014191106906338695,0.00402081362346263,0.015373699148533586,0.033112582781456956,0.027909176915799434,0.0163197729422895,0.011589403973509934,0.03926206244087039,0.026253547776726584,0.01229895931882687,0.0014191106906338694,0.010406811731315043,0.020813623462630087,0.002601702932828761
ENST00000356026.10|ENSG00000189409.14|OTTHUMG00000074713.7|OTTHUMT00000158492.3|MMP23B-201|MMP23B|1248|UTR5:1-46|CDS:47-1219|UTR3:1220-1248|,0.00541299117882919,0.015236567762630313,0.012630312750601443,0.0036086607858861267,0.015437048917401764,0.03468323977546111,0.023656776263031275,0.02145148356054531,0.013031275060144346,0.032678428227746595,0.025461106655974338,0.008620689655172414,0.0032076984763432237,0.012630312750601443,0.017842822774659182,0.004410585404971933
ENST00000378675.7|ENSG00000189409.14|OTTHUMG00000074713.7|OTTHUMT00000158493.2|MMP23B-202|MMP23B|1309|UTR5:1-40|CDS:41-1201|UTR3:1202-1309|,0.005160550458715597,0.01452599388379205,0.01242354740061162,0.0034403669724770644,0.015099388379204893,0.03746177370030581,0.02408256880733945,0.02102446483180428,0.01242354740061162,0.03306574923547401,0.025420489296636085,0.008600917431192661,0.0030581039755351682,0.01261467889908257,0.017584097859327217,0.0040137614678899085
ENST00000435358.5|ENSG00000189409.14|OTTHUMG00000074713.7|OTTHUMT00000158487.2|MMP23B-203|MMP23B|750|CDS:1-728|UTR3:729-750|,0.007009345794392523,0.018691588785046728,0.012349799732977304,0.004005340453938585,0.017022696929238985,0.030040053404539385,0.022696929238985315,0.019692923898531375,0.014352469959946596,0.028371161548731642,0.028037383177570093,0.009679572763684913,0.0033377837116154874,0.012349799732977304,0.017690253671562083,0.004672897196261682
ENST00000503792.1|ENSG00000189409.14|OTTHUMG00000074713.7|OTTHUMT00000366027.1|MMP23B-209|MMP23B|799|CDS:1-777|UTR3:778-799|,0.006578947368421052,0.018483709273182956,0.013157894736842105,0.003446115288220551,0.017857142857142856,0.02788220551378446,0.020676691729323307,0.021303258145363407,0.013784461152882205,0.02882205513784461,0.02913533834586466,0.009711779448621553,0.003132832080200501,0.012531328320802004,0.018796992481203006,0.004699248120300752
ENST00000341832.11|ENSG00000248333.9|OTTHUMG00000078638.6|OTTHUMT00000444101.5|CDK11B-203|CDK11B|2992|UTR5:1-104|CDS:105-2453|UTR3:2454-2992|,0.01905717151454363,0.012537612838515547,0.026997659645603477,0.008441992644600467,0.0160481444332999,0.018890003343363423,0.013373453694416584,0.013457037780006688,0.027582748244734202,0.01788699431628218,0.024239384821130056,0.010197258441992645,0.004262788365095286,0.012454028752925443,0.01537947174857907,0.0091942494149114
